Workbook

Sheet 1月台账表
A1: 米油调味品出入库台账
A2: 序号 | B2: 品名 | C2: 单位 | D2: 上月 结存 | E2: 入库 | F2: 出库 | G2: 当前 库存 | H2: 1日 | J2: 2日 | L2: 3日 | N2: 4日 | P2: 5日 | R2: 6日 | T2: 7日 | V2: 8日 | X2: 9日 | Z2: 10日 | AB2: 11日 | AD2: 12日 | AF2: 13日 | AH2: 14日 | AJ2: 15日 | AL2: 16日 | AN2: 17日 | AP2: 18日 | AR2: 19日 | AT2: 20日 | AV2: 21日 | AX2: 22日 | AZ2: 23日 | BB2: 24日 | BD2: 25日 | BF2: 26日 | BH2: 27日 | BJ2: 28日 | BL2: 29日 | BN2: 30日 | BP2: 31日
H3: 46023 | J3: 46024 | L3: 46025 | N3: 46026 | P3: 46027 | R3: 46028 | T3: 46029 | V3: 46030 | X3: 46031 | Z3: 46032 | AB3: 46033 | AD3: 46034 | AF3: 46035 | AH3: 46036 | AJ3: 46037 | AL3: 46038 | AN3: 46039 | AP3: 46040 | AR3: 46041 | AT3: 46042 | AV3: 46043 | AX3: 46044 | AZ3: 46045 | BB3: 46046 | BD3: 46047 | BF3: 46048 | BH3: 46049 | BJ3: 46050 | BL3: 46051 | BN3: 46052 | BP3: 46053
H4: 入库 | I4: 出库 | J4: 入库 | K4: 出库 | L4: 入库 | M4: 出库 | N4: 入库 | O4: 出库 | P4: 入库 | Q4: 出库 | R4: 入库 | S4: 出库 | T4: 入库 | U4: 出库 | V4: 入库 | W4: 出库 | X4: 入库 | Y4: 出库 | Z4: 入库 | AA4: 出库 | AB4: 入库 | AC4: 出库 | AD4: 入库 | AE4: 出库 | AF4: 入库 | AG4: 出库 | AH4: 入库 | AI4: 出库 | AJ4: 入库 | AK4: 出库 | AL4: 入库 | AM4: 出库 | AN4: 入库 | AO4: 出库 | AP4: 入库 | AQ4: 出库 | AR4: 入库 | AS4: 出库 | AT4: 入库 | AU4: 出库 | AV4: 入库 | AW4: 出库 | AX4: 入库 | AY4: 出库 | AZ4: 入库 | BA4: 出库 | BB4: 入库 | BC4: 出库 | BD4: 入库 | BE4: 出库 | BF4: 入库 | BG4: 出库 | BH4: 入库 | BI4: 出库 | BJ4: 入库 | BK4: 出库 | BL4: 入库 | BM4: 出库 | BN4: 入库 | BO4: 出库 | BP4: 入库 | BQ4: 出库
A5: =ROW()-4 -> 1 | B5: 秋然香米10千克/袋 | C5: =IFERROR(VLOOKUP(B5,产品数据!$B:$D,3,FALSE),"") -> 袋 | D5: 22 | E5: =SUMIF($H$4:$BQ$4,$E$2,H5:BQ5) -> 40 | F5: =SUMIF($H$4:$BQ$4,$F$2,H5:BQ5) -> 51 | G5: =D5+E5-F5 -> 11 | H5: =SUMIFS(入库流水账!$E:$E,入库流水账!$C:$C,$B5,入库流水账!$B:$B,H$3) -> 0 | I5: =SUMIFS(出库流水账!$E:$E,出库流水账!$C:$C,$B5,出库流水账!$B:$B,H$3) -> 0 | J5: =SUMIFS(入库流水账!$E:$E,入库流水账!$C:$C,$B5,入库流水账!$B:$B,J$3) -> 0 | K5: =SUMIFS(出库流水账!$E:$E,出库流水账!$C:$C,$B5,出库流水账!$B:$B,J$3) -> 0 | L5: =SUMIFS(入库流水账!$E:$E,入库流水账!$C:$C,$B5,入库流水账!$B:$B,L$3) -> 0 | M5: =SUMIFS(出库流水账!$E:$E,出库流水账!$C:$C,$B5,出库流水账!$B:$B,L$3) -> 0 | N5: =SUMIFS(入库流水账!$E:$E,入库流水账!$C:$C,$B5,入库流水账!$B:$B,N$3) -> 0 | O5: =SUMIFS(出库流水账!$E:$E,出库流水账!$C:$C,$B5,出库流水账!$B:$B,N$3) -> 2 | P5: =SUMIFS(入库流水账!$E:$E,入库流水账!$C:$C,$B5,入库流水账!$B:$B,P$3) -> 0 | Q5: =SUMIFS(出库流水账!$E:$E,出库流水账!$C:$C,$B5,出库流水账!$B:$B,P$3) -> 2 | R5: =SUMIFS(入库流水账!$E:$E,入库流水账!$C:$C,$B5,入库流水账!$B:$B,R$3) -> 0 | S5: =SUMIFS(出库流水账!$E:$E,出库流水账!$C:$C,$B5,出库流水账!$B:$B,R$3) -> 2 | T5: =SUMIFS(入库流水账!$E:$E,入库流水账!$C:$C,$B5,入库流水账!$B:$B,T$3) -> 0 | U5: =SUMIFS(出库流水账!$E:$E,出库流水账!$C:$C,$B5,出库流水账!$B:$B,T$3) -> 2 | V5: =SUMIFS(入库流水账!$E:$E,入库流水账!$C:$C,$B5,入库流水账!$B:$B,V$3) -> 0 | W5: =SUMIFS(出库流水账!$E:$E,出库流水账!$C:$C,$B5,出库流水账!$B:$B,V$3) -> 2 | X5: =SUMIFS(入库流水账!$E:$E,入库流水账!$C:$C,$B5,入库流水账!$B:$B,X$3) -> 0 | Y5: =SUMIFS(出库流水账!$E:$E,出库流水账!$C:$C,$B5,出库流水账!$B:$B,X$3) -> 2 | Z5: =SUMIFS(入库流水账!$E:$E,入库流水账!$C:$C,$B5,入库流水账!$B:$B,Z$3) -> 0 | AA5: =SUMIFS(出库流水账!$E:$E,出库流水账!$C:$C,$B5,出库流水账!$B:$B,Z$3) -> 0 | AB5: =SUMIFS(入库流水账!$E:$E,入库流水账!$C:$C,$B5,入库流水账!$B:$B,AB$3) -> 0 | AC5: =SUMIFS(出库流水账!$E:$E,出库流水账!$C:$C,$B5,出库流水账!$B:$B,AB$3) -> 0 | AD5: =SUMIFS(入库流水账!$E:$E,入库流水账!$C:$C,$B5,入库流水账!$B:$B,AD$3) -> 20 | AE5: =SUMIFS(出库流水账!$E:$E,出库流水账!$C:$C,$B5,出库流水账!$B:$B,AD$3) -> 3 | AF5: =SUMIFS(入库流水账!$E:$E,入库流水账!$C:$C,$B5,入库流水账!$B:$B,AF$3) -> 0 | AG5: =SUMIFS(出库流水账!$E:$E,出库流水账!$C:$C,$B5,出库流水账!$B:$B,AF$3) -> 2 | AH5: =SUMIFS(入库流水账!$E:$E,入库流水账!$C:$C,$B5,入库流水账!$B:$B,AH$3) -> 0 | AI5: =SUMIFS(出库流水账!$E:$E,出库流水账!$C:$C,$B5,出库流水账!$B:$B,AH$3) -> 2 | AJ5: =SUMIFS(入库流水账!$E:$E,入库流水账!$C:$C,$B5,入库流水账!$B:$B,AJ$3) -> 0 | AK5: =SUMIFS(出库流水账!$E:$E,出库流水账!$C:$C,$B5,出库流水账!$B:$B,AJ$3) -> 2 | AL5: =SUMIFS(入库流水账!$E:$E,入库流水账!$C:$C,$B5,入库流水账!$B:$B,AL$3) -> 0 | AM5: =SUMIFS(出库流水账!$E:$E,出库流水账!$C:$C,$B5,出库流水账!$B:$B,AL$3) -> 3 | AN5: =SUMIFS(入库流水账!$E:$E,入库流水账!$C:$C,$B5,入库流水账!$B:$B,AN$3) -> 0 | AO5: =SUMIFS(出库流水账!$E:$E,出库流水账!$C:$C,$B5,出库流水账!$B:$B,AN$3) -> 0 | AP5: =SUMIFS(入库流水账!$E:$E,入库流水账!$C:$C,$B5,入库流水账!$B:$B,AP$3) -> 0 | AQ5: =SUMIFS(出库流水账!$E:$E,出库流水账!$C:$C,$B5,出库流水账!$B:$B,AP$3) -> 0 | AR5: =SUMIFS(入库流水账!$E:$E,入库流水账!$C:$C,$B5,入库流水账!$B:$B,AR$3) -> 0 | AS5: =SUMIFS(出库流水账!$E:$E,出库流水账!$C:$C,$B5,出库流水账!$B:$B,AR$3) -> 3 | AT5: =SUMIFS(入库流水账!$E:$E,入库流水账!$C:$C,$B5,入库流水账!$B:$B,AT$3) -> 0 | AU5: =SUMIFS(出库流水账!$E:$E,出库流水账!$C:$C,$B5,出库流水账!$B:$B,AT$3) -> 3 | AV5: =SUMIFS(入库流水账!$E:$E,入库流水账!$C:$C,$B5,入库流水账!$B:$B,AV$3) -> 0 | AW5: =SUMIFS(出库流水账!$E:$E,出库流水账!$C:$C,$B5,出库流水账!$B:$B,AV$3) -> 2 | AX5: =SUMIFS(入库流水账!$E:$E,入库流水账!$C:$C,$B5,入库流水账!$B:$B,AX$3) -> 0 | AY5: =SUMIFS(出库流水账!$E:$E,出库流水账!$C:$C,$B5,出库流水账!$B:$B,AX$3) -> 3 | AZ5: =SUMIFS(入库流水账!$E:$E,入库流水账!$C:$C,$B5,入库流水账!$B:$B,AZ$3) -> 20 | BA5: =SUMIFS(出库流水账!$E:$E,出库流水账!$C:$C,$B5,出库流水账!$B:$B,AZ$3) -> 3 | BB5: =SUMIFS(入库流水账!$E:$E,入库流水账!$C:$C,$B5,入库流水账!$B:$B,BB$3) -> 0 | BC5: =SUMIFS(出库流水账!$E:$E,出库流水账!$C:$C,$B5,出库流水账!$B:$B,BB$3) -> 0 | BD5: =SUMIFS(入库流水账!$E:$E,入库流水账!$C:$C,$B5,入库流水账!$B:$B,BD$3) -> 0 | BE5: =SUMIFS(出库流水账!$E:$E,出库流水账!$C:$C,$B5,出库流水账!$B:$B,BD$3) -> 0 | BF5: =SUMIFS(入库流水账!$E:$E,入库流水账!$C:$C,$B5,入库流水账!$B:$B,BF$3) -> 0 | BG5: =SUMIFS(出库流水账!$E:$E,出库流水账!$C:$C,$B5,出库流水账!$B:$B,BF$3) -> 3 | BH5: =SUMIFS(入库流水账!$E:$E,入库流水账!$C:$C,$B5,入库流水账!$B:$B,BH$3) -> 0 | BI5: =SUMIFS(出库流水账!$E:$E,出库流水账!$C:$C,$B5,出库流水账!$B:$B,BH$3) -> 2 | BJ5: =SUMIFS(入库流水账!$E:$E,入库流水账!$C:$C,$B5,入库流水账!$B:$B,BJ$3) -> 0 | BK5: =SUMIFS(出库流水账!$E:$E,出库流水账!$C:$C,$B5,出库流水账!$B:$B,BJ$3) -> 2 | BL5: =SUMIFS(入库流水账!$E:$E,入库流水账!$C:$C,$B5,入库流水账!$B:$B,BL$3) -> 0 | BM5: =SUMIFS(出库流水账!$E:$E,出库流水账!$C:$C,$B5,出库流水账!$B:$B,BL$3) -> 2 | BN5: =SUMIFS(入库流水账!$E:$E,入库流水账!$C:$C,$B5,入库流水账!$B:$B,BN$3) -> 0 | BO5: =SUMIFS(出库流水账!$E:$E,出库流水账!$C:$C,$B5,出库流水账!$B:$B,BN$3) -> 4 | BP5: =SUMIFS(入库流水账!$E:$E,入库流水账!$C:$C,$B5,入库流水账!$B:$B,BP$3) -> 0 | BQ5: =SUMIFS(出库流水账!$E:$E,出库流水账!$C:$C,$B5,出库流水账!$B:$B,BP$3) -> 0
A6: =ROW()-4 -> 2 | B6: 兆丰雪花粉 | C6: =IFERROR(VLOOKUP(B6,产品数据!$B:$D,3,FALSE),"") -> 包 | D6: 12 | E6: =SUMIF($H$4:$BQ$4,$E$2,H6:BQ6) -> 48 | F6: =SUMIF($H$4:$BQ$4,$F$2,H6:BQ6) -> 30 | G6: =D6+E6-F6 -> 30 | H6: =SUMIFS(入库流水账!$E:$E,入库流水账!$C:$C,$B6,入库流水账!$B:$B,H$3) -> 0 | I6: =SUMIFS(出库流水账!$E:$E,出库流水账!$C:$C,$B6,出库流水账!$B:$B,H$3) -> 0 | J6: =SUMIFS(入库流水账!$E:$E,入库流水账!$C:$C,$B6,入库流水账!$B:$B,J$3) -> 0 | K6: =SUMIFS(出库流水账!$E:$E,出库流水账!$C:$C,$B6,出库流水账!$B:$B,J$3) -> 0 | L6: =SUMIFS(入库流水账!$E:$E,入库流水账!$C:$C,$B6,入库流水账!$B:$B,L$3) -> 0 | M6: =SUMIFS(出库流水账!$E:$E,出库流水账!$C:$C,$B6,出库流水账!$B:$B,L$3) -> 0 | N6: =SUMIFS(入库流水账!$E:$E,入库流水账!$C:$C,$B6,入库流水账!$B:$B,N$3) -> 0 | O6: =SUMIFS(出库流水账!$E:$E,出库流水账!$C:$C,$B6,出库流水账!$B:$B,N$3) -> 3 | P6: =SUMIFS(入库流水账!$E:$E,入库流水账!$C:$C,$B6,入库流水账!$B:$B,P$3) -> 0 | Q6: =SUMIFS(出库流水账!$E:$E,出库流水账!$C:$C,$B6,出库流水账!$B:$B,P$3) -> 3 | R6: =SUMIFS(入库流水账!$E:$E,入库流水账!$C:$C,$B6,入库流水账!$B:$B,R$3) -> 0 | S6: =SUMIFS(出库流水账!$E:$E,出库流水账!$C:$C,$B6,出库流水账!$B:$B,R$3) -> 0 | T6: =SUMIFS(入库流水账!$E:$E,入库流水账!$C:$C,$B6,入库流水账!$B:$B,T$3) -> 0 | U6: =SUMIFS(出库流水账!$E:$E,出库流水账!$C:$C,$B6,出库流水账!$B:$B,T$3) -> 3 | V6: =SUMIFS(入库流水账!$E:$E,入库流水账!$C:$C,$B6,入库流水账!$B:$B,V$3) -> 12 | W6: =SUMIFS(出库流水账!$E:$E,出库流水账!$C:$C,$B6,出库流水账!$B:$B,V$3) -> 0 | X6: =SUMIFS(入库流水账!$E:$E,入库流水账!$C:$C,$B6,入库流水账!$B:$B,X$3) -> 0 | Y6: =SUMIFS(出库流水账!$E:$E,出库流水账!$C:$C,$B6,出库流水账!$B:$B,X$3) -> 0 | Z6: =SUMIFS(入库流水账!$E:$E,入库流水账!$C:$C,$B6,入库流水账!$B:$B,Z$3) -> 0 | AA6: =SUMIFS(出库流水账!$E:$E,出库流水账!$C:$C,$B6,出库流水账!$B:$B,Z$3) -> 0 | AB6: =SUMIFS(入库流水账!$E:$E,入库流水账!$C:$C,$B6,入库流水账!$B:$B,AB$3) -> 0 | AC6: =SUMIFS(出库流水账!$E:$E,出库流水账!$C:$C,$B6,出库流水账!$B:$B,AB$3) -> 0 | AD6: =SUMIFS(入库流水账!$E:$E,入库流水账!$C:$C,$B6,入库流水账!$B:$B,AD$3) -> 0 | AE6: =SUMIFS(出库流水账!$E:$E,出库流水账!$C:$C,$B6,出库流水账!$B:$B,AD$3) -> 3 | AF6: =SUMIFS(入库流水账!$E:$E,入库流水账!$C:$C,$B6,入库流水账!$B:$B,AF$3) -> 0 | AG6: =SUMIFS(出库流水账!$E:$E,出库流水账!$C:$C,$B6,出库流水账!$B:$B,AF$3) -> 0 | AH6: =SUMIFS(入库流水账!$E:$E,入库流水账!$C:$C,$B6,入库流水账!$B:$B,AH$3) -> 0 | AI6: =SUMIFS(出库流水账!$E:$E,出库流水账!$C:$C,$B6,出库流水账!$B:$B,AH$3) -> 0 | AJ6: =SUMIFS(入库流水账!$E:$E,入库流水账!$C:$C,$B6,入库流水账!$B:$B,AJ$3) -> 0 | AK6: =SUMIFS(出库流水账!$E:$E,出库流水账!$C:$C,$B6,出库流水账!$B:$B,AJ$3) -> 1 | AL6: =SUMIFS(入库流水账!$E:$E,入库流水账!$C:$C,$B6,入库流水账!$B:$B,AL$3) -> 0 | AM6: =SUMIFS(出库流水账!$E:$E,出库流水账!$C:$C,$B6,出库流水账!$B:$B,AL$3) -> 0 | AN6: =SUMIFS(入库流水账!$E:$E,入库流水账!$C:$C,$B6,入库流水账!$B:$B,AN$3) -> 0 | AO6: =SUMIFS(出库流水账!$E:$E,出库流水账!$C:$C,$B6,出库流水账!$B:$B,AN$3) -> 0 | AP6: =SUMIFS(入库流水账!$E:$E,入库流水账!$C:$C,$B6,入库流水账!$B:$B,AP$3) -> 0 | AQ6: =SUMIFS(出库流水账!$E:$E,出库流水账!$C:$C,$B6,出库流水账!$B:$B,AP$3) -> 0 | AR6: =SUMIFS(入库流水账!$E:$E,入库流水账!$C:$C,$B6,入库流水账!$B:$B,AR$3) -> 0 | AS6: =SUMIFS(出库流水账!$E:$E,出库流水账!$C:$C,$B6,出库流水账!$B:$B,AR$3) -> 5 | AT6: =SUMIFS(入库流水账!$E:$E,入库流水账!$C:$C,$B6,入库流水账!$B:$B,AT$3) -> 0 | AU6: =SUMIFS(出库流水账!$E:$E,出库流水账!$C:$C,$B6,出库流水账!$B:$B,AT$3) -> 0 | AV6: =SUMIFS(入库流水账!$E:$E,入库流水账!$C:$C,$B6,入库流水账!$B:$B,AV$3) -> 0 | AW6: =SUMIFS(出库流水账!$E:$E,出库流水账!$C:$C,$B6,出库流水账!$B:$B,AV$3) -> 0 | AX6: =SUMIFS(入库流水账!$E:$E,入库流水账!$C:$C,$B6,入库流水账!$B:$B,AX$3) -> 0 | AY6: =SUMIFS(出库流水账!$E:$E,出库流水账!$C:$C,$B6,出库流水账!$B:$B,AX$3) -> 4 | AZ6: =SUMIFS(入库流水账!$E:$E,入库流水账!$C:$C,$B6,入库流水账!$B:$B,AZ$3) -> 27 | BA6: =SUMIFS(出库流水账!$E:$E,出库流水账!$C:$C,$B6,出库流水账!$B:$B,AZ$3) -> 0 | BB6: =SUMIFS(入库流水账!$E:$E,入库流水账!$C:$C,$B6,入库流水账!$B:$B,BB$3) -> 0 | BC6: =SUMIFS(出库流水账!$E:$E,出库流水账!$C:$C,$B6,出库流水账!$B:$B,BB$3) -> 0 | BD6: =SUMIFS(入库流水账!$E:$E,入库流水账!$C:$C,$B6,入库流水账!$B:$B,BD$3) -> 0 | BE6: =SUMIFS(出库流水账!$E:$E,出库流水账!$C:$C,$B6,出库流水账!$B:$B,BD$3) -> 0 | BF6: =SUMIFS(入库流水账!$E:$E,入库流水账!$C:$C,$B6,入库流水账!$B:$B,BF$3) -> 0 | BG6: =SUMIFS(出库流水账!$E:$E,出库流水账!$C:$C,$B6,出库流水账!$B:$B,BF$3) -> 3 | BH6: =SUMIFS(入库流水账!$E:$E,入库流水账!$C:$C,$B6,入库流水账!$B:$B,BH$3) -> 9 | BI6: =SUMIFS(出库流水账!$E:$E,出库流水账!$C:$C,$B6,出库流水账!$B:$B,BH$3) -> 3 | BJ6: =SUMIFS(入库流水账!$E:$E,入库流水账!$C:$C,$B6,入库流水账!$B:$B,BJ$3) -> 0 | BK6: =SUMIFS(出库流水账!$E:$E,出库流水账!$C:$C,$B6,出库流水账!$B:$B,BJ$3) -> 1 | BL6: =SUMIFS(入库流水账!$E:$E,入库流水账!$C:$C,$B6,入库流水账!$B:$B,BL$3) -> 0 | BM6: =SUMIFS(出库流水账!$E:$E,出库流水账!$C:$C,$B6,出库流水账!$B:$B,BL$3) -> 1 | BN6: =SUMIFS(入库流水账!$E:$E,入库流水账!$C:$C,$B6,入库流水账!$B:$B,BN$3) -> 0 | BO6: =SUMIFS(出库流水账!$E:$E,出库流水账!$C:$C,$B6,出库流水账!$B:$B,BN$3) -> 0 | BP6: =SUMIFS(入库流水账!$E:$E,入库流水账!$C:$C,$B6,入库流水账!$B:$B,BP$3) -> 0 | BQ6: =SUMIFS(出库流水账!$E:$E,出库流水账!$C:$C,$B6,出库流水账!$B:$B,BP$3) -> 0
A7: =ROW()-4 -> 3 | B7: 鲁花压榨特香玉米胚芽油5升/桶*4/箱 | C7: =IFERROR(VLOOKUP(B7,产品数据!$B:$D,3,FALSE),"") -> 桶 | D7: 22 | E7: =SUMIF($H$4:$BQ$4,$E$2,H7:BQ7) -> 80 | F7: =SUMIF($H$4:$BQ$4,$F$2,H7:BQ7) -> 83 | G7: =D7+E7-F7 -> 19 | H7: =SUMIFS(入库流水账!$E:$E,入库流水账!$C:$C,$B7,入库流水账!$B:$B,H$3) -> 0 | I7: =SUMIFS(出库流水账!$E:$E,出库流水账!$C:$C,$B7,出库流水账!$B:$B,H$3) -> 0 | J7: =SUMIFS(入库流水账!$E:$E,入库流水账!$C:$C,$B7,入库流水账!$B:$B,J$3) -> 0 | K7: =SUMIFS(出库流水账!$E:$E,出库流水账!$C:$C,$B7,出库流水账!$B:$B,J$3) -> 0 | L7: =SUMIFS(入库流水账!$E:$E,入库流水账!$C:$C,$B7,入库流水账!$B:$B,L$3) -> 0 | M7: =SUMIFS(出库流水账!$E:$E,出库流水账!$C:$C,$B7,出库流水账!$B:$B,L$3) -> 0 | N7: =SUMIFS(入库流水账!$E:$E,入库流水账!$C:$C,$B7,入库流水账!$B:$B,N$3) -> 0 | O7: =SUMIFS(出库流水账!$E:$E,出库流水账!$C:$C,$B7,出库流水账!$B:$B,N$3) -> 6 | P7: =SUMIFS(入库流水账!$E:$E,入库流水账!$C:$C,$B7,入库流水账!$B:$B,P$3) -> 0 | Q7: =SUMIFS(出库流水账!$E:$E,出库流水账!$C:$C,$B7,出库流水账!$B:$B,P$3) -> 3 | R7: =SUMIFS(入库流水账!$E:$E,入库流水账!$C:$C,$B7,入库流水账!$B:$B,R$3) -> 0 | S7: =SUMIFS(出库流水账!$E:$E,出库流水账!$C:$C,$B7,出库流水账!$B:$B,R$3) -> 3 | T7: =SUMIFS(入库流水账!$E:$E,入库流水账!$C:$C,$B7,入库流水账!$B:$B,T$3) -> 20 | U7: =SUMIFS(出库流水账!$E:$E,出库流水账!$C:$C,$B7,出库流水账!$B:$B,T$3) -> 3 | V7: =SUMIFS(入库流水账!$E:$E,入库流水账!$C:$C,$B7,入库流水账!$B:$B,V$3) -> 0 | W7: =SUMIFS(出库流水账!$E:$E,出库流水账!$C:$C,$B7,出库流水账!$B:$B,V$3) -> 4 | X7: =SUMIFS(入库流水账!$E:$E,入库流水账!$C:$C,$B7,入库流水账!$B:$B,X$3) -> 0 | Y7: =SUMIFS(出库流水账!$E:$E,出库流水账!$C:$C,$B7,出库流水账!$B:$B,X$3) -> 5 | Z7: =SUMIFS(入库流水账!$E:$E,入库流水账!$C:$C,$B7,入库流水账!$B:$B,Z$3) -> 0 | AA7: =SUMIFS(出库流水账!$E:$E,出库流水账!$C:$C,$B7,出库流水账!$B:$B,Z$3) -> 0 | AB7: =SUMIFS(入库流水账!$E:$E,入库流水账!$C:$C,$B7,入库流水账!$B:$B,AB$3) -> 0 | AC7: =SUMIFS(出库流水账!$E:$E,出库流水账!$C:$C,$B7,出库流水账!$B:$B,AB$3) -> 0 | AD7: =SUMIFS(入库流水账!$E:$E,入库流水账!$C:$C,$B7,入库流水账!$B:$B,AD$3) -> 0 | AE7: =SUMIFS(出库流水账!$E:$E,出库流水账!$C:$C,$B7,出库流水账!$B:$B,AD$3) -> 4 | AF7: =SUMIFS(入库流水账!$E:$E,入库流水账!$C:$C,$B7,入库流水账!$B:$B,AF$3) -> 0 | AG7: =SUMIFS(出库流水账!$E:$E,出库流水账!$C:$C,$B7,出库流水账!$B:$B,AF$3) -> 3 | AH7: =SUMIFS(入库流水账!$E:$E,入库流水账!$C:$C,$B7,入库流水账!$B:$B,AH$3) -> 0 | AI7: =SUMIFS(出库流水账!$E:$E,出库流水账!$C:$C,$B7,出库流水账!$B:$B,AH$3) -> 4 | AJ7: =SUMIFS(入库流水账!$E:$E,入库流水账!$C:$C,$B7,入库流水账!$B:$B,AJ$3) -> 20 | AK7: =SUMIFS(出库流水账!$E:$E,出库流水账!$C:$C,$B7,出库流水账!$B:$B,AJ$3) -> 3 | AL7: =SUMIFS(入库流水账!$E:$E,入库流水账!$C:$C,$B7,入库流水账!$B:$B,AL$3) -> 0 | AM7: =SUMIFS(出库流水账!$E:$E,出库流水账!$C:$C,$B7,出库流水账!$B:$B,AL$3) -> 4 | AN7: =SUMIFS(入库流水账!$E:$E,入库流水账!$C:$C,$B7,入库流水账!$B:$B,AN$3) -> 0 | AO7: =SUMIFS(出库流水账!$E:$E,出库流水账!$C:$C,$B7,出库流水账!$B:$B,AN$3) -> 0 | AP7: =SUMIFS(入库流水账!$E:$E,入库流水账!$C:$C,$B7,入库流水账!$B:$B,AP$3) -> 0 | AQ7: =SUMIFS(出库流水账!$E:$E,出库流水账!$C:$C,$B7,出库流水账!$B:$B,AP$3) -> 0 | AR7: =SUMIFS(入库流水账!$E:$E,入库流水账!$C:$C,$B7,入库流水账!$B:$B,AR$3) -> 0 | AS7: =SUMIFS(出库流水账!$E:$E,出库流水账!$C:$C,$B7,出库流水账!$B:$B,AR$3) -> 4 | AT7: =SUMIFS(入库流水账!$E:$E,入库流水账!$C:$C,$B7,入库流水账!$B:$B,AT$3) -> 20 | AU7: =SUMIFS(出库流水账!$E:$E,出库流水账!$C:$C,$B7,出库流水账!$B:$B,AT$3) -> 4 | AV7: =SUMIFS(入库流水账!$E:$E,入库流水账!$C:$C,$B7,入库流水账!$B:$B,AV$3) -> 0 | AW7: =SUMIFS(出库流水账!$E:$E,出库流水账!$C:$C,$B7,出库流水账!$B:$B,AV$3) -> 3 | AX7: =SUMIFS(入库流水账!$E:$E,入库流水账!$C:$C,$B7,入库流水账!$B:$B,AX$3) -> 0 | AY7: =SUMIFS(出库流水账!$E:$E,出库流水账!$C:$C,$B7,出库流水账!$B:$B,AX$3) -> 3 | AZ7: =SUMIFS(入库流水账!$E:$E,入库流水账!$C:$C,$B7,入库流水账!$B:$B,AZ$3) -> 20 | BA7: =SUMIFS(出库流水账!$E:$E,出库流水账!$C:$C,$B7,出库流水账!$B:$B,AZ$3) -> 4 | BB7: =SUMIFS(入库流水账!$E:$E,入库流水账!$C:$C,$B7,入库流水账!$B:$B,BB$3) -> 0 | BC7: =SUMIFS(出库流水账!$E:$E,出库流水账!$C:$C,$B7,出库流水账!$B:$B,BB$3) -> 0 | BD7: =SUMIFS(入库流水账!$E:$E,入库流水账!$C:$C,$B7,入库流水账!$B:$B,BD$3) -> 0 | BE7: =SUMIFS(出库流水账!$E:$E,出库流水账!$C:$C,$B7,出库流水账!$B:$B,BD$3) -> 0 | BF7: =SUMIFS(入库流水账!$E:$E,入库流水账!$C:$C,$B7,入库流水账!$B:$B,BF$3) -> 0 | BG7: =SUMIFS(出库流水账!$E:$E,出库流水账!$C:$C,$B7,出库流水账!$B:$B,BF$3) -> 6 | BH7: =SUMIFS(入库流水账!$E:$E,入库流水账!$C:$C,$B7,入库流水账!$B:$B,BH$3) -> 0 | BI7: =SUMIFS(出库流水账!$E:$E,出库流水账!$C:$C,$B7,出库流水账!$B:$B,BH$3) -> 3 | BJ7: =SUMIFS(入库流水账!$E:$E,入库流水账!$C:$C,$B7,入库流水账!$B:$B,BJ$3) -> 0 | BK7: =SUMIFS(出库流水账!$E:$E,出库流水账!$C:$C,$B7,出库流水账!$B:$B,BJ$3) -> 3 | BL7: =SUMIFS(入库流水账!$E:$E,入库流水账!$C:$C,$B7,入库流水账!$B:$B,BL$3) -> 0 | BM7: =SUMIFS(出库流水账!$E:$E,出库流水账!$C:$C,$B7,出库流水账!$B:$B,BL$3) -> 4 | BN7: =SUMIFS(入库流水账!$E:$E,入库流水账!$C:$C,$B7,入库流水账!$B:$B,BN$3) -> 0 | BO7: =SUMIFS(出库流水账!$E:$E,出库流水账!$C:$C,$B7,出库流水账!$B:$B,BN$3) -> 7 | BP7: =SUMIFS(入库流水账!$E:$E,入库流水账!$C:$C,$B7,入库流水账!$B:$B,BP$3) -> 0 | BQ7: =SUMIFS(出库流水账!$E:$E,出库流水账!$C:$C,$B7,出库流水账!$B:$B,BP$3) -> 0
A8: =ROW()-4 -> 4 | B8: 厨邦美味鲜酱油 | C8: =IFERROR(VLOOKUP(B8,产品数据!$B:$D,3,FALSE),"") -> 壶 | D8: 6 | E8: =SUMIF($H$4:$BQ$4,$E$2,H8:BQ8) -> 36 | F8: =SUMIF($H$4:$BQ$4,$F$2,H8:BQ8) -> 28 | G8: =D8+E8-F8 -> 14 | H8: =SUMIFS(入库流水账!$E:$E,入库流水账!$C:$C,$B8,入库流水账!$B:$B,H$3) -> 0 | I8: =SUMIFS(出库流水账!$E:$E,出库流水账!$C:$C,$B8,出库流水账!$B:$B,H$3) -> 0 | J8: =SUMIFS(入库流水账!$E:$E,入库流水账!$C:$C,$B8,入库流水账!$B:$B,J$3) -> 0 | K8: =SUMIFS(出库流水账!$E:$E,出库流水账!$C:$C,$B8,出库流水账!$B:$B,J$3) -> 0 | L8: =SUMIFS(入库流水账!$E:$E,入库流水账!$C:$C,$B8,入库流水账!$B:$B,L$3) -> 0 | M8: =SUMIFS(出库流水账!$E:$E,出库流水账!$C:$C,$B8,出库流水账!$B:$B,L$3) -> 0 | N8: =SUMIFS(入库流水账!$E:$E,入库流水账!$C:$C,$B8,入库流水账!$B:$B,N$3) -> 0 | O8: =SUMIFS(出库流水账!$E:$E,出库流水账!$C:$C,$B8,出库流水账!$B:$B,N$3) -> 2 | P8: =SUMIFS(入库流水账!$E:$E,入库流水账!$C:$C,$B8,入库流水账!$B:$B,P$3) -> 0 | Q8: =SUMIFS(出库流水账!$E:$E,出库流水账!$C:$C,$B8,出库流水账!$B:$B,P$3) -> 0 | R8: =SUMIFS(入库流水账!$E:$E,入库流水账!$C:$C,$B8,入库流水账!$B:$B,R$3) -> 0 | S8: =SUMIFS(出库流水账!$E:$E,出库流水账!$C:$C,$B8,出库流水账!$B:$B,R$3) -> 2 | T8: =SUMIFS(入库流水账!$E:$E,入库流水账!$C:$C,$B8,入库流水账!$B:$B,T$3) -> 18 | U8: =SUMIFS(出库流水账!$E:$E,出库流水账!$C:$C,$B8,出库流水账!$B:$B,T$3) -> 0 | V8: =SUMIFS(入库流水账!$E:$E,入库流水账!$C:$C,$B8,入库流水账!$B:$B,V$3) -> 0 | W8: =SUMIFS(出库流水账!$E:$E,出库流水账!$C:$C,$B8,出库流水账!$B:$B,V$3) -> 1 | X8: =SUMIFS(入库流水账!$E:$E,入库流水账!$C:$C,$B8,入库流水账!$B:$B,X$3) -> 0 | Y8: =SUMIFS(出库流水账!$E:$E,出库流水账!$C:$C,$B8,出库流水账!$B:$B,X$3) -> 1 | Z8: =SUMIFS(入库流水账!$E:$E,入库流水账!$C:$C,$B8,入库流水账!$B:$B,Z$3) -> 0 | AA8: =SUMIFS(出库流水账!$E:$E,出库流水账!$C:$C,$B8,出库流水账!$B:$B,Z$3) -> 0 | AB8: =SUMIFS(入库流水账!$E:$E,入库流水账!$C:$C,$B8,入库流水账!$B:$B,AB$3) -> 0 | AC8: =SUMIFS(出库流水账!$E:$E,出库流水账!$C:$C,$B8,出库流水账!$B:$B,AB$3) -> 0 | AD8: =SUMIFS(入库流水账!$E:$E,入库流水账!$C:$C,$B8,入库流水账!$B:$B,AD$3) -> 0 | AE8: =SUMIFS(出库流水账!$E:$E,出库流水账!$C:$C,$B8,出库流水账!$B:$B,AD$3) -> 3 | AF8: =SUMIFS(入库流水账!$E:$E,入库流水账!$C:$C,$B8,入库流水账!$B:$B,AF$3) -> 0 | AG8: =SUMIFS(出库流水账!$E:$E,出库流水账!$C:$C,$B8,出库流水账!$B:$B,AF$3) -> 1 | AH8: =SUMIFS(入库流水账!$E:$E,入库流水账!$C:$C,$B8,入库流水账!$B:$B,AH$3) -> 0 | AI8: =SUMIFS(出库流水账!$E:$E,出库流水账!$C:$C,$B8,出库流水账!$B:$B,AH$3) -> 1 | AJ8: =SUMIFS(入库流水账!$E:$E,入库流水账!$C:$C,$B8,入库流水账!$B:$B,AJ$3) -> 0 | AK8: =SUMIFS(出库流水账!$E:$E,出库流水账!$C:$C,$B8,出库流水账!$B:$B,AJ$3) -> 1 | AL8: =SUMIFS(入库流水账!$E:$E,入库流水账!$C:$C,$B8,入库流水账!$B:$B,AL$3) -> 0 | AM8: =SUMIFS(出库流水账!$E:$E,出库流水账!$C:$C,$B8,出库流水账!$B:$B,AL$3) -> 2 | AN8: =SUMIFS(入库流水账!$E:$E,入库流水账!$C:$C,$B8,入库流水账!$B:$B,AN$3) -> 0 | AO8: =SUMIFS(出库流水账!$E:$E,出库流水账!$C:$C,$B8,出库流水账!$B:$B,AN$3) -> 0 | AP8: =SUMIFS(入库流水账!$E:$E,入库流水账!$C:$C,$B8,入库流水账!$B:$B,AP$3) -> 0 | AQ8: =SUMIFS(出库流水账!$E:$E,出库流水账!$C:$C,$B8,出库流水账!$B:$B,AP$3) -> 0 | AR8: =SUMIFS(入库流水账!$E:$E,入库流水账!$C:$C,$B8,入库流水账!$B:$B,AR$3) -> 0 | AS8: =SUMIFS(出库流水账!$E:$E,出库流水账!$C:$C,$B8,出库流水账!$B:$B,AR$3) -> 2 | AT8: =SUMIFS(入库流水账!$E:$E,入库流水账!$C:$C,$B8,入库流水账!$B:$B,AT$3) -> 0 | AU8: =SUMIFS(出库流水账!$E:$E,出库流水账!$C:$C,$B8,出库流水账!$B:$B,AT$3) -> 1 | AV8: =SUMIFS(入库流水账!$E:$E,入库流水账!$C:$C,$B8,入库流水账!$B:$B,AV$3) -> 0 | AW8: =SUMIFS(出库流水账!$E:$E,出库流水账!$C:$C,$B8,出库流水账!$B:$B,AV$3) -> 1 | AX8: =SUMIFS(入库流水账!$E:$E,入库流水账!$C:$C,$B8,入库流水账!$B:$B,AX$3) -> 0 | AY8: =SUMIFS(出库流水账!$E:$E,出库流水账!$C:$C,$B8,出库流水账!$B:$B,AX$3) -> 0 | AZ8: =SUMIFS(入库流水账!$E:$E,入库流水账!$C:$C,$B8,入库流水账!$B:$B,AZ$3) -> 18 | BA8: =SUMIFS(出库流水账!$E:$E,出库流水账!$C:$C,$B8,出库流水账!$B:$B,AZ$3) -> 2 | BB8: =SUMIFS(入库流水账!$E:$E,入库流水账!$C:$C,$B8,入库流水账!$B:$B,BB$3) -> 0 | BC8: =SUMIFS(出库流水账!$E:$E,出库流水账!$C:$C,$B8,出库流水账!$B:$B,BB$3) -> 0 | BD8: =SUMIFS(入库流水账!$E:$E,入库流水账!$C:$C,$B8,入库流水账!$B:$B,BD$3) -> 0 | BE8: =SUMIFS(出库流水账!$E:$E,出库流水账!$C:$C,$B8,出库流水账!$B:$B,BD$3) -> 0 | BF8: =SUMIFS(入库流水账!$E:$E,入库流水账!$C:$C,$B8,入库流水账!$B:$B,BF$3) -> 0 | BG8: =SUMIFS(出库流水账!$E:$E,出库流水账!$C:$C,$B8,出库流水账!$B:$B,BF$3) -> 2 | BH8: =SUMIFS(入库流水账!$E:$E,入库流水账!$C:$C,$B8,入库流水账!$B:$B,BH$3) -> 0 | BI8: =SUMIFS(出库流水账!$E:$E,出库流水账!$C:$C,$B8,出库流水账!$B:$B,BH$3) -> 2 | BJ8: =SUMIFS(入库流水账!$E:$E,入库流水账!$C:$C,$B8,入库流水账!$B:$B,BJ$3) -> 0 | BK8: =SUMIFS(出库流水账!$E:$E,出库流水账!$C:$C,$B8,出库流水账!$B:$B,BJ$3) -> 1 | BL8: =SUMIFS(入库流水账!$E:$E,入库流水账!$C:$C,$B8,入库流水账!$B:$B,BL$3) -> 0 | BM8: =SUMIFS(出库流水账!$E:$E,出库流水账!$C:$C,$B8,出库流水账!$B:$B,BL$3) -> 1 | BN8: =SUMIFS(入库流水账!$E:$E,入库流水账!$C:$C,$B8,入库流水账!$B:$B,BN$3) -> 0 | BO8: =SUMIFS(出库流水账!$E:$E,出库流水账!$C:$C,$B8,出库流水账!$B:$B,BN$3) -> 2 | BP8: =SUMIFS(入库流水账!$E:$E,入库流水账!$C:$C,$B8,入库流水账!$B:$B,BP$3) -> 0 | BQ8: =SUMIFS(出库流水账!$E:$E,出库流水账!$C:$C,$B8,出库流水账!$B:$B,BP$3) -> 0
A9: =ROW()-4 -> 5 | B9: 海天老抽酱油 | C9: =IFERROR(VLOOKUP(B9,产品数据!$B:$D,3,FALSE),"") -> 瓶 | D9: ='[2]米油调味品台账表 12月 '!G10 -> 2 | E9: =SUMIF($H$4:$BQ$4,$E$2,H9:BQ9) -> 24 | F9: =SUMIF($H$4:$BQ$4,$F$2,H9:BQ9) -> 15 | G9: =D9+E9-F9 -> 11 | H9: =SUMIFS(入库流水账!$E:$E,入库流水账!$C:$C,$B9,入库流水账!$B:$B,H$3) -> 0 | I9: =SUMIFS(出库流水账!$E:$E,出库流水账!$C:$C,$B9,出库流水账!$B:$B,H$3) -> 0 | J9: =SUMIFS(入库流水账!$E:$E,入库流水账!$C:$C,$B9,入库流水账!$B:$B,J$3) -> 0 | K9: =SUMIFS(出库流水账!$E:$E,出库流水账!$C:$C,$B9,出库流水账!$B:$B,J$3) -> 0 | L9: =SUMIFS(入库流水账!$E:$E,入库流水账!$C:$C,$B9,入库流水账!$B:$B,L$3) -> 0 | M9: =SUMIFS(出库流水账!$E:$E,出库流水账!$C:$C,$B9,出库流水账!$B:$B,L$3) -> 0 | N9: =SUMIFS(入库流水账!$E:$E,入库流水账!$C:$C,$B9,入库流水账!$B:$B,N$3) -> 0 | O9: =SUMIFS(出库流水账!$E:$E,出库流水账!$C:$C,$B9,出库流水账!$B:$B,N$3) -> 0 | P9: =SUMIFS(入库流水账!$E:$E,入库流水账!$C:$C,$B9,入库流水账!$B:$B,P$3) -> 0 | Q9: =SUMIFS(出库流水账!$E:$E,出库流水账!$C:$C,$B9,出库流水账!$B:$B,P$3) -> 1 | R9: =SUMIFS(入库流水账!$E:$E,入库流水账!$C:$C,$B9,入库流水账!$B:$B,R$3) -> 0 | S9: =SUMIFS(出库流水账!$E:$E,出库流水账!$C:$C,$B9,出库流水账!$B:$B,R$3) -> 0 | T9: =SUMIFS(入库流水账!$E:$E,入库流水账!$C:$C,$B9,入库流水账!$B:$B,T$3) -> 6 | U9: =SUMIFS(出库流水账!$E:$E,出库流水账!$C:$C,$B9,出库流水账!$B:$B,T$3) -> 1 | V9: =SUMIFS(入库流水账!$E:$E,入库流水账!$C:$C,$B9,入库流水账!$B:$B,V$3) -> 0 | W9: =SUMIFS(出库流水账!$E:$E,出库流水账!$C:$C,$B9,出库流水账!$B:$B,V$3) -> 0 | X9: =SUMIFS(入库流水账!$E:$E,入库流水账!$C:$C,$B9,入库流水账!$B:$B,X$3) -> 0 | Y9: =SUMIFS(出库流水账!$E:$E,出库流水账!$C:$C,$B9,出库流水账!$B:$B,X$3) -> 1 | Z9: =SUMIFS(入库流水账!$E:$E,入库流水账!$C:$C,$B9,入库流水账!$B:$B,Z$3) -> 0 | AA9: =SUMIFS(出库流水账!$E:$E,出库流水账!$C:$C,$B9,出库流水账!$B:$B,Z$3) -> 0 | AB9: =SUMIFS(入库流水账!$E:$E,入库流水账!$C:$C,$B9,入库流水账!$B:$B,AB$3) -> 0 | AC9: =SUMIFS(出库流水账!$E:$E,出库流水账!$C:$C,$B9,出库流水账!$B:$B,AB$3) -> 0 | AD9: =SUMIFS(入库流水账!$E:$E,入库流水账!$C:$C,$B9,入库流水账!$B:$B,AD$3) -> 0 | AE9: =SUMIFS(出库流水账!$E:$E,出库流水账!$C:$C,$B9,出库流水账!$B:$B,AD$3) -> 2 | AF9: =SUMIFS(入库流水账!$E:$E,入库流水账!$C:$C,$B9,入库流水账!$B:$B,AF$3) -> 0 | AG9: =SUMIFS(出库流水账!$E:$E,出库流水账!$C:$C,$B9,出库流水账!$B:$B,AF$3) -> 0 | AH9: =SUMIFS(入库流水账!$E:$E,入库流水账!$C:$C,$B9,入库流水账!$B:$B,AH$3) -> 0 | AI9: =SUMIFS(出库流水账!$E:$E,出库流水账!$C:$C,$B9,出库流水账!$B:$B,AH$3) -> 0 | AJ9: =SUMIFS(入库流水账!$E:$E,入库流水账!$C:$C,$B9,入库流水账!$B:$B,AJ$3) -> 0 | AK9: =SUMIFS(出库流水账!$E:$E,出库流水账!$C:$C,$B9,出库流水账!$B:$B,AJ$3) -> 1 | AL9: =SUMIFS(入库流水账!$E:$E,入库流水账!$C:$C,$B9,入库流水账!$B:$B,AL$3) -> 0 | AM9: =SUMIFS(出库流水账!$E:$E,出库流水账!$C:$C,$B9,出库流水账!$B:$B,AL$3) -> 1 | AN9: =SUMIFS(入库流水账!$E:$E,入库流水账!$C:$C,$B9,入库流水账!$B:$B,AN$3) -> 0 | AO9: =SUMIFS(出库流水账!$E:$E,出库流水账!$C:$C,$B9,出库流水账!$B:$B,AN$3) -> 0 | AP9: =SUMIFS(入库流水账!$E:$E,入库流水账!$C:$C,$B9,入库流水账!$B:$B,AP$3) -> 0 | AQ9: =SUMIFS(出库流水账!$E:$E,出库流水账!$C:$C,$B9,出库流水账!$B:$B,AP$3) -> 0 | AR9: =SUMIFS(入库流水账!$E:$E,入库流水账!$C:$C,$B9,入库流水账!$B:$B,AR$3) -> 0 | AS9: =SUMIFS(出库流水账!$E:$E,出库流水账!$C:$C,$B9,出库流水账!$B:$B,AR$3) -> 2 | AT9: =SUMIFS(入库流水账!$E:$E,入库流水账!$C:$C,$B9,入库流水账!$B:$B,AT$3) -> 0 | AU9: =SUMIFS(出库流水账!$E:$E,出库流水账!$C:$C,$B9,出库流水账!$B:$B,AT$3) -> 1 | AV9: =SUMIFS(入库流水账!$E:$E,入库流水账!$C:$C,$B9,入库流水账!$B:$B,AV$3) -> 18 | AW9: =SUMIFS(出库流水账!$E:$E,出库流水账!$C:$C,$B9,出库流水账!$B:$B,AV$3) -> 1 | AX9: =SUMIFS(入库流水账!$E:$E,入库流水账!$C:$C,$B9,入库流水账!$B:$B,AX$3) -> 0 | AY9: =SUMIFS(出库流水账!$E:$E,出库流水账!$C:$C,$B9,出库流水账!$B:$B,AX$3) -> 0 | AZ9: =SUMIFS(入库流水账!$E:$E,入库流水账!$C:$C,$B9,入库流水账!$B:$B,AZ$3) -> 0 | BA9: =SUMIFS(出库流水账!$E:$E,出库流水账!$C:$C,$B9,出库流水账!$B:$B,AZ$3) -> 1 | BB9: =SUMIFS(入库流水账!$E:$E,入库流水账!$C:$C,$B9,入库流水账!$B:$B,BB$3) -> 0 | BC9: =SUMIFS(出库流水账!$E:$E,出库流水账!$C:$C,$B9,出库流水账!$B:$B,BB$3) -> 0 | BD9: =SUMIFS(入库流水账!$E:$E,入库流水账!$C:$C,$B9,入库流水账!$B:$B,BD$3) -> 0 | BE9: =SUMIFS(出库流水账!$E:$E,出库流水账!$C:$C,$B9,出库流水账!$B:$B,BD$3) -> 0 | BF9: =SUMIFS(入库流水账!$E:$E,入库流水账!$C:$C,$B9,入库流水账!$B:$B,BF$3) -> 0 | BG9: =SUMIFS(出库流水账!$E:$E,出库流水账!$C:$C,$B9,出库流水账!$B:$B,BF$3) -> 0 | BH9: =SUMIFS(入库流水账!$E:$E,入库流水账!$C:$C,$B9,入库流水账!$B:$B,BH$3) -> 0 | BI9: =SUMIFS(出库流水账!$E:$E,出库流水账!$C:$C,$B9,出库流水账!$B:$B,BH$3) -> 0 | BJ9: =SUMIFS(入库流水账!$E:$E,入库流水账!$C:$C,$B9,入库流水账!$B:$B,BJ$3) -> 0 | BK9: =SUMIFS(出库流水账!$E:$E,出库流水账!$C:$C,$B9,出库流水账!$B:$B,BJ$3) -> 1 | BL9: =SUMIFS(入库流水账!$E:$E,入库流水账!$C:$C,$B9,入库流水账!$B:$B,BL$3) -> 0 | BM9: =SUMIFS(出库流水账!$E:$E,出库流水账!$C:$C,$B9,出库流水账!$B:$B,BL$3) -> 1 | BN9: =SUMIFS(入库流水账!$E:$E,入库流水账!$C:$C,$B9,入库流水账!$B:$B,BN$3) -> 0 | BO9: =SUMIFS(出库流水账!$E:$E,出库流水账!$C:$C,$B9,出库流水账!$B:$B,BN$3) -> 1 | BP9: =SUMIFS(入库流水账!$E:$E,入库流水账!$C:$C,$B9,入库流水账!$B:$B,BP$3) -> 0 | BQ9: =SUMIFS(出库流水账!$E:$E,出库流水账!$C:$C,$B9,出库流水账!$B:$B,BP$3) -> 0
A10: =ROW()-4 -> 6 | B10: 海天鲜味生抽 | C10: =IFERROR(VLOOKUP(B10,产品数据!$B:$D,3,FALSE),"") -> 瓶 | D10: ='[2]米油调味品台账表 12月 '!G11 -> 10 | E10: =SUMIF($H$4:$BQ$4,$E$2,H10:BQ10) -> 6 | F10: =SUMIF($H$4:$BQ$4,$F$2,H10:BQ10) -> 11 | G10: =D10+E10-F10 -> 5 | H10: =SUMIFS(入库流水账!$E:$E,入库流水账!$C:$C,$B10,入库流水账!$B:$B,H$3) -> 0 | I10: =SUMIFS(出库流水账!$E:$E,出库流水账!$C:$C,$B10,出库流水账!$B:$B,H$3) -> 0 | J10: =SUMIFS(入库流水账!$E:$E,入库流水账!$C:$C,$B10,入库流水账!$B:$B,J$3) -> 0 | K10: =SUMIFS(出库流水账!$E:$E,出库流水账!$C:$C,$B10,出库流水账!$B:$B,J$3) -> 0 | L10: =SUMIFS(入库流水账!$E:$E,入库流水账!$C:$C,$B10,入库流水账!$B:$B,L$3) -> 0 | M10: =SUMIFS(出库流水账!$E:$E,出库流水账!$C:$C,$B10,出库流水账!$B:$B,L$3) -> 0 | N10: =SUMIFS(入库流水账!$E:$E,入库流水账!$C:$C,$B10,入库流水账!$B:$B,N$3) -> 0 | O10: =SUMIFS(出库流水账!$E:$E,出库流水账!$C:$C,$B10,出库流水账!$B:$B,N$3) -> 0 | P10: =SUMIFS(入库流水账!$E:$E,入库流水账!$C:$C,$B10,入库流水账!$B:$B,P$3) -> 0 | Q10: =SUMIFS(出库流水账!$E:$E,出库流水账!$C:$C,$B10,出库流水账!$B:$B,P$3) -> 0 | R10: =SUMIFS(入库流水账!$E:$E,入库流水账!$C:$C,$B10,入库流水账!$B:$B,R$3) -> 0 | S10: =SUMIFS(出库流水账!$E:$E,出库流水账!$C:$C,$B10,出库流水账!$B:$B,R$3) -> 1 | T10: =SUMIFS(入库流水账!$E:$E,入库流水账!$C:$C,$B10,入库流水账!$B:$B,T$3) -> 0 | U10: =SUMIFS(出库流水账!$E:$E,出库流水账!$C:$C,$B10,出库流水账!$B:$B,T$3) -> 1 | V10: =SUMIFS(入库流水账!$E:$E,入库流水账!$C:$C,$B10,入库流水账!$B:$B,V$3) -> 0 | W10: =SUMIFS(出库流水账!$E:$E,出库流水账!$C:$C,$B10,出库流水账!$B:$B,V$3) -> 0 | X10: =SUMIFS(入库流水账!$E:$E,入库流水账!$C:$C,$B10,入库流水账!$B:$B,X$3) -> 0 | Y10: =SUMIFS(出库流水账!$E:$E,出库流水账!$C:$C,$B10,出库流水账!$B:$B,X$3) -> 1 | Z10: =SUMIFS(入库流水账!$E:$E,入库流水账!$C:$C,$B10,入库流水账!$B:$B,Z$3) -> 0 | AA10: =SUMIFS(出库流水账!$E:$E,出库流水账!$C:$C,$B10,出库流水账!$B:$B,Z$3) -> 0 | AB10: =SUMIFS(入库流水账!$E:$E,入库流水账!$C:$C,$B10,入库流水账!$B:$B,AB$3) -> 0 | AC10: =SUMIFS(出库流水账!$E:$E,出库流水账!$C:$C,$B10,出库流水账!$B:$B,AB$3) -> 0 | AD10: =SUMIFS(入库流水账!$E:$E,入库流水账!$C:$C,$B10,入库流水账!$B:$B,AD$3) -> 0 | AE10: =SUMIFS(出库流水账!$E:$E,出库流水账!$C:$C,$B10,出库流水账!$B:$B,AD$3) -> 1 | AF10: =SUMIFS(入库流水账!$E:$E,入库流水账!$C:$C,$B10,入库流水账!$B:$B,AF$3) -> 0 | AG10: =SUMIFS(出库流水账!$E:$E,出库流水账!$C:$C,$B10,出库流水账!$B:$B,AF$3) -> 0 | AH10: =SUMIFS(入库流水账!$E:$E,入库流水账!$C:$C,$B10,入库流水账!$B:$B,AH$3) -> 0 | AI10: =SUMIFS(出库流水账!$E:$E,出库流水账!$C:$C,$B10,出库流水账!$B:$B,AH$3) -> 0 | AJ10: =SUMIFS(入库流水账!$E:$E,入库流水账!$C:$C,$B10,入库流水账!$B:$B,AJ$3) -> 0 | AK10: =SUMIFS(出库流水账!$E:$E,出库流水账!$C:$C,$B10,出库流水账!$B:$B,AJ$3) -> 1 | AL10: =SUMIFS(入库流水账!$E:$E,入库流水账!$C:$C,$B10,入库流水账!$B:$B,AL$3) -> 0 | AM10: =SUMIFS(出库流水账!$E:$E,出库流水账!$C:$C,$B10,出库流水账!$B:$B,AL$3) -> 0 | AN10: =SUMIFS(入库流水账!$E:$E,入库流水账!$C:$C,$B10,入库流水账!$B:$B,AN$3) -> 0 | AO10: =SUMIFS(出库流水账!$E:$E,出库流水账!$C:$C,$B10,出库流水账!$B:$B,AN$3) -> 0 | AP10: =SUMIFS(入库流水账!$E:$E,入库流水账!$C:$C,$B10,入库流水账!$B:$B,AP$3) -> 0 | AQ10: =SUMIFS(出库流水账!$E:$E,出库流水账!$C:$C,$B10,出库流水账!$B:$B,AP$3) -> 0 | AR10: =SUMIFS(入库流水账!$E:$E,入库流水账!$C:$C,$B10,入库流水账!$B:$B,AR$3) -> 0 | AS10: =SUMIFS(出库流水账!$E:$E,出库流水账!$C:$C,$B10,出库流水账!$B:$B,AR$3) -> 1 | AT10: =SUMIFS(入库流水账!$E:$E,入库流水账!$C:$C,$B10,入库流水账!$B:$B,AT$3) -> 6 | AU10: =SUMIFS(出库流水账!$E:$E,出库流水账!$C:$C,$B10,出库流水账!$B:$B,AT$3) -> 0 | AV10: =SUMIFS(入库流水账!$E:$E,入库流水账!$C:$C,$B10,入库流水账!$B:$B,AV$3) -> 0 | AW10: =SUMIFS(出库流水账!$E:$E,出库流水账!$C:$C,$B10,出库流水账!$B:$B,AV$3) -> 1 | AX10: =SUMIFS(入库流水账!$E:$E,入库流水账!$C:$C,$B10,入库流水账!$B:$B,AX$3) -> 0 | AY10: =SUMIFS(出库流水账!$E:$E,出库流水账!$C:$C,$B10,出库流水账!$B:$B,AX$3) -> 0 | AZ10: =SUMIFS(入库流水账!$E:$E,入库流水账!$C:$C,$B10,入库流水账!$B:$B,AZ$3) -> 0 | BA10: =SUMIFS(出库流水账!$E:$E,出库流水账!$C:$C,$B10,出库流水账!$B:$B,AZ$3) -> 1 | BB10: =SUMIFS(入库流水账!$E:$E,入库流水账!$C:$C,$B10,入库流水账!$B:$B,BB$3) -> 0 | BC10: =SUMIFS(出库流水账!$E:$E,出库流水账!$C:$C,$B10,出库流水账!$B:$B,BB$3) -> 0 | BD10: =SUMIFS(入库流水账!$E:$E,入库流水账!$C:$C,$B10,入库流水账!$B:$B,BD$3) -> 0 | BE10: =SUMIFS(出库流水账!$E:$E,出库流水账!$C:$C,$B10,出库流水账!$B:$B,BD$3) -> 0 | BF10: =SUMIFS(入库流水账!$E:$E,入库流水账!$C:$C,$B10,入库流水账!$B:$B,BF$3) -> 0 | BG10: =SUMIFS(出库流水账!$E:$E,出库流水账!$C:$C,$B10,出库流水账!$B:$B,BF$3) -> 1 | BH10: =SUMIFS(入库流水账!$E:$E,入库流水账!$C:$C,$B10,入库流水账!$B:$B,BH$3) -> 0 | BI10: =SUMIFS(出库流水账!$E:$E,出库流水账!$C:$C,$B10,出库流水账!$B:$B,BH$3) -> 0 | BJ10: =SUMIFS(入库流水账!$E:$E,入库流水账!$C:$C,$B10,入库流水账!$B:$B,BJ$3) -> 0 | BK10: =SUMIFS(出库流水账!$E:$E,出库流水账!$C:$C,$B10,出库流水账!$B:$B,BJ$3) -> 1 | BL10: =SUMIFS(入库流水账!$E:$E,入库流水账!$C:$C,$B10,入库流水账!$B:$B,BL$3) -> 0 | BM10: =SUMIFS(出库流水账!$E:$E,出库流水账!$C:$C,$B10,出库流水账!$B:$B,BL$3) -> 1 | BN10: =SUMIFS(入库流水账!$E:$E,入库流水账!$C:$C,$B10,入库流水账!$B:$B,BN$3) -> 0 | BO10: =SUMIFS(出库流水账!$E:$E,出库流水账!$C:$C,$B10,出库流水账!$B:$B,BN$3) -> 0 | BP10: =SUMIFS(入库流水账!$E:$E,入库流水账!$C:$C,$B10,入库流水账!$B:$B,BP$3) -> 0 | BQ10: =SUMIFS(出库流水账!$E:$E,出库流水账!$C:$C,$B10,出库流水账!$B:$B,BP$3) -> 0
A11: =ROW()-4 -> 7 | B11: 李锦记蒸鱼豉油 | C11: =IFERROR(VLOOKUP(B11,产品数据!$B:$D,3,FALSE),"") -> 瓶 | D11: 3 | E11: =SUMIF($H$4:$BQ$4,$E$2,H11:BQ11) -> 6 | F11: =SUMIF($H$4:$BQ$4,$F$2,H11:BQ11) -> 4 | G11: =D11+E11-F11 -> 5 | H11: =SUMIFS(入库流水账!$E:$E,入库流水账!$C:$C,$B11,入库流水账!$B:$B,H$3) -> 0 | I11: =SUMIFS(出库流水账!$E:$E,出库流水账!$C:$C,$B11,出库流水账!$B:$B,H$3) -> 0 | J11: =SUMIFS(入库流水账!$E:$E,入库流水账!$C:$C,$B11,入库流水账!$B:$B,J$3) -> 0 | K11: =SUMIFS(出库流水账!$E:$E,出库流水账!$C:$C,$B11,出库流水账!$B:$B,J$3) -> 0 | L11: =SUMIFS(入库流水账!$E:$E,入库流水账!$C:$C,$B11,入库流水账!$B:$B,L$3) -> 0 | M11: =SUMIFS(出库流水账!$E:$E,出库流水账!$C:$C,$B11,出库流水账!$B:$B,L$3) -> 0 | N11: =SUMIFS(入库流水账!$E:$E,入库流水账!$C:$C,$B11,入库流水账!$B:$B,N$3) -> 0 | O11: =SUMIFS(出库流水账!$E:$E,出库流水账!$C:$C,$B11,出库流水账!$B:$B,N$3) -> 0 | P11: =SUMIFS(入库流水账!$E:$E,入库流水账!$C:$C,$B11,入库流水账!$B:$B,P$3) -> 0 | Q11: =SUMIFS(出库流水账!$E:$E,出库流水账!$C:$C,$B11,出库流水账!$B:$B,P$3) -> 0 | R11: =SUMIFS(入库流水账!$E:$E,入库流水账!$C:$C,$B11,入库流水账!$B:$B,R$3) -> 0 | S11: =SUMIFS(出库流水账!$E:$E,出库流水账!$C:$C,$B11,出库流水账!$B:$B,R$3) -> 1 | T11: =SUMIFS(入库流水账!$E:$E,入库流水账!$C:$C,$B11,入库流水账!$B:$B,T$3) -> 6 | U11: =SUMIFS(出库流水账!$E:$E,出库流水账!$C:$C,$B11,出库流水账!$B:$B,T$3) -> 0 | V11: =SUMIFS(入库流水账!$E:$E,入库流水账!$C:$C,$B11,入库流水账!$B:$B,V$3) -> 0 | W11: =SUMIFS(出库流水账!$E:$E,出库流水账!$C:$C,$B11,出库流水账!$B:$B,V$3) -> 0 | X11: =SUMIFS(入库流水账!$E:$E,入库流水账!$C:$C,$B11,入库流水账!$B:$B,X$3) -> 0 | Y11: =SUMIFS(出库流水账!$E:$E,出库流水账!$C:$C,$B11,出库流水账!$B:$B,X$3) -> 0 | Z11: =SUMIFS(入库流水账!$E:$E,入库流水账!$C:$C,$B11,入库流水账!$B:$B,Z$3) -> 0 | AA11: =SUMIFS(出库流水账!$E:$E,出库流水账!$C:$C,$B11,出库流水账!$B:$B,Z$3) -> 0 | AB11: =SUMIFS(入库流水账!$E:$E,入库流水账!$C:$C,$B11,入库流水账!$B:$B,AB$3) -> 0 | AC11: =SUMIFS(出库流水账!$E:$E,出库流水账!$C:$C,$B11,出库流水账!$B:$B,AB$3) -> 0 | AD11: =SUMIFS(入库流水账!$E:$E,入库流水账!$C:$C,$B11,入库流水账!$B:$B,AD$3) -> 0 | AE11: =SUMIFS(出库流水账!$E:$E,出库流水账!$C:$C,$B11,出库流水账!$B:$B,AD$3) -> 0 | AF11: =SUMIFS(入库流水账!$E:$E,入库流水账!$C:$C,$B11,入库流水账!$B:$B,AF$3) -> 0 | AG11: =SUMIFS(出库流水账!$E:$E,出库流水账!$C:$C,$B11,出库流水账!$B:$B,AF$3) -> 1 | AH11: =SUMIFS(入库流水账!$E:$E,入库流水账!$C:$C,$B11,入库流水账!$B:$B,AH$3) -> 0 | AI11: =SUMIFS(出库流水账!$E:$E,出库流水账!$C:$C,$B11,出库流水账!$B:$B,AH$3) -> 1 | AJ11: =SUMIFS(入库流水账!$E:$E,入库流水账!$C:$C,$B11,入库流水账!$B:$B,AJ$3) -> 0 | AK11: =SUMIFS(出库流水账!$E:$E,出库流水账!$C:$C,$B11,出库流水账!$B:$B,AJ$3) -> 0 | AL11: =SUMIFS(入库流水账!$E:$E,入库流水账!$C:$C,$B11,入库流水账!$B:$B,AL$3) -> 0 | AM11: =SUMIFS(出库流水账!$E:$E,出库流水账!$C:$C,$B11,出库流水账!$B:$B,AL$3) -> 0 | AN11: =SUMIFS(入库流水账!$E:$E,入库流水账!$C:$C,$B11,入库流水账!$B:$B,AN$3) -> 0 | AO11: =SUMIFS(出库流水账!$E:$E,出库流水账!$C:$C,$B11,出库流水账!$B:$B,AN$3) -> 0 | AP11: =SUMIFS(入库流水账!$E:$E,入库流水账!$C:$C,$B11,入库流水账!$B:$B,AP$3) -> 0 | AQ11: =SUMIFS(出库流水账!$E:$E,出库流水账!$C:$C,$B11,出库流水账!$B:$B,AP$3) -> 0 | AR11: =SUMIFS(入库流水账!$E:$E,入库流水账!$C:$C,$B11,入库流水账!$B:$B,AR$3) -> 0 | AS11: =SUMIFS(出库流水账!$E:$E,出库流水账!$C:$C,$B11,出库流水账!$B:$B,AR$3) -> 0 | AT11: =SUMIFS(入库流水账!$E:$E,入库流水账!$C:$C,$B11,入库流水账!$B:$B,AT$3) -> 0 | AU11: =SUMIFS(出库流水账!$E:$E,出库流水账!$C:$C,$B11,出库流水账!$B:$B,AT$3) -> 0 | AV11: =SUMIFS(入库流水账!$E:$E,入库流水账!$C:$C,$B11,入库流水账!$B:$B,AV$3) -> 0 | AW11: =SUMIFS(出库流水账!$E:$E,出库流水账!$C:$C,$B11,出库流水账!$B:$B,AV$3) -> 0 | AX11: =SUMIFS(入库流水账!$E:$E,入库流水账!$C:$C,$B11,入库流水账!$B:$B,AX$3) -> 0 | AY11: =SUMIFS(出库流水账!$E:$E,出库流水账!$C:$C,$B11,出库流水账!$B:$B,AX$3) -> 0 | AZ11: =SUMIFS(入库流水账!$E:$E,入库流水账!$C:$C,$B11,入库流水账!$B:$B,AZ$3) -> 0 | BA11: =SUMIFS(出库流水账!$E:$E,出库流水账!$C:$C,$B11,出库流水账!$B:$B,AZ$3) -> 0 | BB11: =SUMIFS(入库流水账!$E:$E,入库流水账!$C:$C,$B11,入库流水账!$B:$B,BB$3) -> 0 | BC11: =SUMIFS(出库流水账!$E:$E,出库流水账!$C:$C,$B11,出库流水账!$B:$B,BB$3) -> 0 | BD11: =SUMIFS(入库流水账!$E:$E,入库流水账!$C:$C,$B11,入库流水账!$B:$B,BD$3) -> 0 | BE11: =SUMIFS(出库流水账!$E:$E,出库流水账!$C:$C,$B11,出库流水账!$B:$B,BD$3) -> 0 | BF11: =SUMIFS(入库流水账!$E:$E,入库流水账!$C:$C,$B11,入库流水账!$B:$B,BF$3) -> 0 | BG11: =SUMIFS(出库流水账!$E:$E,出库流水账!$C:$C,$B11,出库流水账!$B:$B,BF$3) -> 0 | BH11: =SUMIFS(入库流水账!$E:$E,入库流水账!$C:$C,$B11,入库流水账!$B:$B,BH$3) -> 0 | BI11: =SUMIFS(出库流水账!$E:$E,出库流水账!$C:$C,$B11,出库流水账!$B:$B,BH$3) -> 0 | BJ11: =SUMIFS(入库流水账!$E:$E,入库流水账!$C:$C,$B11,入库流水账!$B:$B,BJ$3) -> 0 | BK11: =SUMIFS(出库流水账!$E:$E,出库流水账!$C:$C,$B11,出库流水账!$B:$B,BJ$3) -> 0 | BL11: =SUMIFS(入库流水账!$E:$E,入库流水账!$C:$C,$B11,入库流水账!$B:$B,BL$3) -> 0 | BM11: =SUMIFS(出库流水账!$E:$E,出库流水账!$C:$C,$B11,出库流水账!$B:$B,BL$3) -> 0 | BN11: =SUMIFS(入库流水账!$E:$E,入库流水账!$C:$C,$B11,入库流水账!$B:$B,BN$3) -> 0 | BO11: =SUMIFS(出库流水账!$E:$E,出库流水账!$C:$C,$B11,出库流水账!$B:$B,BN$3) -> 1 | BP11: =SUMIFS(入库流水账!$E:$E,入库流水账!$C:$C,$B11,入库流水账!$B:$B,BP$3) -> 0 | BQ11: =SUMIFS(出库流水账!$E:$E,出库流水账!$C:$C,$B11,出库流水账!$B:$B,BP$3) -> 0
A12: =ROW()-4 -> 8 | B12: 李锦记番茄沙司 | C12: =IFERROR(VLOOKUP(B12,产品数据!$B:$D,3,FALSE),"") -> 瓶 | D12: 10 | E12: =SUMIF($H$4:$BQ$4,$E$2,H12:BQ12) -> 0 | F12: =SUMIF($H$4:$BQ$4,$F$2,H12:BQ12) -> 0 | G12: =D12+E12-F12 -> 10 | H12: =SUMIFS(入库流水账!$E:$E,入库流水账!$C:$C,$B12,入库流水账!$B:$B,H$3) -> 0 | I12: =SUMIFS(出库流水账!$E:$E,出库流水账!$C:$C,$B12,出库流水账!$B:$B,H$3) -> 0 | J12: =SUMIFS(入库流水账!$E:$E,入库流水账!$C:$C,$B12,入库流水账!$B:$B,J$3) -> 0 | K12: =SUMIFS(出库流水账!$E:$E,出库流水账!$C:$C,$B12,出库流水账!$B:$B,J$3) -> 0 | L12: =SUMIFS(入库流水账!$E:$E,入库流水账!$C:$C,$B12,入库流水账!$B:$B,L$3) -> 0 | M12: =SUMIFS(出库流水账!$E:$E,出库流水账!$C:$C,$B12,出库流水账!$B:$B,L$3) -> 0 | N12: =SUMIFS(入库流水账!$E:$E,入库流水账!$C:$C,$B12,入库流水账!$B:$B,N$3) -> 0 | O12: =SUMIFS(出库流水账!$E:$E,出库流水账!$C:$C,$B12,出库流水账!$B:$B,N$3) -> 0 | P12: =SUMIFS(入库流水账!$E:$E,入库流水账!$C:$C,$B12,入库流水账!$B:$B,P$3) -> 0 | Q12: =SUMIFS(出库流水账!$E:$E,出库流水账!$C:$C,$B12,出库流水账!$B:$B,P$3) -> 0 | R12: =SUMIFS(入库流水账!$E:$E,入库流水账!$C:$C,$B12,入库流水账!$B:$B,R$3) -> 0 | S12: =SUMIFS(出库流水账!$E:$E,出库流水账!$C:$C,$B12,出库流水账!$B:$B,R$3) -> 0 | T12: =SUMIFS(入库流水账!$E:$E,入库流水账!$C:$C,$B12,入库流水账!$B:$B,T$3) -> 0 | U12: =SUMIFS(出库流水账!$E:$E,出库流水账!$C:$C,$B12,出库流水账!$B:$B,T$3) -> 0 | V12: =SUMIFS(入库流水账!$E:$E,入库流水账!$C:$C,$B12,入库流水账!$B:$B,V$3) -> 0 | W12: =SUMIFS(出库流水账!$E:$E,出库流水账!$C:$C,$B12,出库流水账!$B:$B,V$3) -> 0 | X12: =SUMIFS(入库流水账!$E:$E,入库流水账!$C:$C,$B12,入库流水账!$B:$B,X$3) -> 0 | Y12: =SUMIFS(出库流水账!$E:$E,出库流水账!$C:$C,$B12,出库流水账!$B:$B,X$3) -> 0 | Z12: =SUMIFS(入库流水账!$E:$E,入库流水账!$C:$C,$B12,入库流水账!$B:$B,Z$3) -> 0 | AA12: =SUMIFS(出库流水账!$E:$E,出库流水账!$C:$C,$B12,出库流水账!$B:$B,Z$3) -> 0 | AB12: =SUMIFS(入库流水账!$E:$E,入库流水账!$C:$C,$B12,入库流水账!$B:$B,AB$3) -> 0 | AC12: =SUMIFS(出库流水账!$E:$E,出库流水账!$C:$C,$B12,出库流水账!$B:$B,AB$3) -> 0 | AD12: =SUMIFS(入库流水账!$E:$E,入库流水账!$C:$C,$B12,入库流水账!$B:$B,AD$3) -> 0 | AE12: =SUMIFS(出库流水账!$E:$E,出库流水账!$C:$C,$B12,出库流水账!$B:$B,AD$3) -> 0 | AF12: =SUMIFS(入库流水账!$E:$E,入库流水账!$C:$C,$B12,入库流水账!$B:$B,AF$3) -> 0 | AG12: =SUMIFS(出库流水账!$E:$E,出库流水账!$C:$C,$B12,出库流水账!$B:$B,AF$3) -> 0 | AH12: =SUMIFS(入库流水账!$E:$E,入库流水账!$C:$C,$B12,入库流水账!$B:$B,AH$3) -> 0 | AI12: =SUMIFS(出库流水账!$E:$E,出库流水账!$C:$C,$B12,出库流水账!$B:$B,AH$3) -> 0 | AJ12: =SUMIFS(入库流水账!$E:$E,入库流水账!$C:$C,$B12,入库流水账!$B:$B,AJ$3) -> 0 | AK12: =SUMIFS(出库流水账!$E:$E,出库流水账!$C:$C,$B12,出库流水账!$B:$B,AJ$3) -> 0 | AL12: =SUMIFS(入库流水账!$E:$E,入库流水账!$C:$C,$B12,入库流水账!$B:$B,AL$3) -> 0 | AM12: =SUMIFS(出库流水账!$E:$E,出库流水账!$C:$C,$B12,出库流水账!$B:$B,AL$3) -> 0 | AN12: =SUMIFS(入库流水账!$E:$E,入库流水账!$C:$C,$B12,入库流水账!$B:$B,AN$3) -> 0 | AO12: =SUMIFS(出库流水账!$E:$E,出库流水账!$C:$C,$B12,出库流水账!$B:$B,AN$3) -> 0 | AP12: =SUMIFS(入库流水账!$E:$E,入库流水账!$C:$C,$B12,入库流水账!$B:$B,AP$3) -> 0 | AQ12: =SUMIFS(出库流水账!$E:$E,出库流水账!$C:$C,$B12,出库流水账!$B:$B,AP$3) -> 0 | AR12: =SUMIFS(入库流水账!$E:$E,入库流水账!$C:$C,$B12,入库流水账!$B:$B,AR$3) -> 0 | AS12: =SUMIFS(出库流水账!$E:$E,出库流水账!$C:$C,$B12,出库流水账!$B:$B,AR$3) -> 0 | AT12: =SUMIFS(入库流水账!$E:$E,入库流水账!$C:$C,$B12,入库流水账!$B:$B,AT$3) -> 0 | AU12: =SUMIFS(出库流水账!$E:$E,出库流水账!$C:$C,$B12,出库流水账!$B:$B,AT$3) -> 0 | AV12: =SUMIFS(入库流水账!$E:$E,入库流水账!$C:$C,$B12,入库流水账!$B:$B,AV$3) -> 0 | AW12: =SUMIFS(出库流水账!$E:$E,出库流水账!$C:$C,$B12,出库流水账!$B:$B,AV$3) -> 0 | AX12: =SUMIFS(入库流水账!$E:$E,入库流水账!$C:$C,$B12,入库流水账!$B:$B,AX$3) -> 0 | AY12: =SUMIFS(出库流水账!$E:$E,出库流水账!$C:$C,$B12,出库流水账!$B:$B,AX$3) -> 0 | AZ12: =SUMIFS(入库流水账!$E:$E,入库流水账!$C:$C,$B12,入库流水账!$B:$B,AZ$3) -> 0 | BA12: =SUMIFS(出库流水账!$E:$E,出库流水账!$C:$C,$B12,出库流水账!$B:$B,AZ$3) -> 0 | BB12: =SUMIFS(入库流水账!$E:$E,入库流水账!$C:$C,$B12,入库流水账!$B:$B,BB$3) -> 0 | BC12: =SUMIFS(出库流水账!$E:$E,出库流水账!$C:$C,$B12,出库流水账!$B:$B,BB$3) -> 0 | BD12: =SUMIFS(入库流水账!$E:$E,入库流水账!$C:$C,$B12,入库流水账!$B:$B,BD$3) -> 0 | BE12: =SUMIFS(出库流水账!$E:$E,出库流水账!$C:$C,$B12,出库流水账!$B:$B,BD$3) -> 0 | BF12: =SUMIFS(入库流水账!$E:$E,入库流水账!$C:$C,$B12,入库流水账!$B:$B,BF$3) -> 0 | BG12: =SUMIFS(出库流水账!$E:$E,出库流水账!$C:$C,$B12,出库流水账!$B:$B,BF$3) -> 0 | BH12: =SUMIFS(入库流水账!$E:$E,入库流水账!$C:$C,$B12,入库流水账!$B:$B,BH$3) -> 0 | BI12: =SUMIFS(出库流水账!$E:$E,出库流水账!$C:$C,$B12,出库流水账!$B:$B,BH$3) -> 0 | BJ12: =SUMIFS(入库流水账!$E:$E,入库流水账!$C:$C,$B12,入库流水账!$B:$B,BJ$3) -> 0 | BK12: =SUMIFS(出库流水账!$E:$E,出库流水账!$C:$C,$B12,出库流水账!$B:$B,BJ$3) -> 0 | BL12: =SUMIFS(入库流水账!$E:$E,入库流水账!$C:$C,$B12,入库流水账!$B:$B,BL$3) -> 0 | BM12: =SUMIFS(出库流水账!$E:$E,出库流水账!$C:$C,$B12,出库流水账!$B:$B,BL$3) -> 0 | BN12: =SUMIFS(入库流水账!$E:$E,入库流水账!$C:$C,$B12,入库流水账!$B:$B,BN$3) -> 0 | BO12: =SUMIFS(出库流水账!$E:$E,出库流水账!$C:$C,$B12,出库流水账!$B:$B,BN$3) -> 0 | BP12: =SUMIFS(入库流水账!$E:$E,入库流水账!$C:$C,$B12,入库流水账!$B:$B,BP$3) -> 0 | BQ12: =SUMIFS(出库流水账!$E:$E,出库流水账!$C:$C,$B12,出库流水账!$B:$B,BP$3) -> 0
A13: =ROW()-4 -> 9 | B13: 恒顺陈醋 | C13: =IFERROR(VLOOKUP(B13,产品数据!$B:$D,3,FALSE),"") -> 瓶 | D13: 7 | E13: =SUMIF($H$4:$BQ$4,$E$2,H13:BQ13) -> 12 | F13: =SUMIF($H$4:$BQ$4,$F$2,H13:BQ13) -> 5 | G13: =D13+E13-F13 -> 14 | H13: =SUMIFS(入库流水账!$E:$E,入库流水账!$C:$C,$B13,入库流水账!$B:$B,H$3) -> 0 | I13: =SUMIFS(出库流水账!$E:$E,出库流水账!$C:$C,$B13,出库流水账!$B:$B,H$3) -> 0 | J13: =SUMIFS(入库流水账!$E:$E,入库流水账!$C:$C,$B13,入库流水账!$B:$B,J$3) -> 0 | K13: =SUMIFS(出库流水账!$E:$E,出库流水账!$C:$C,$B13,出库流水账!$B:$B,J$3) -> 0 | L13: =SUMIFS(入库流水账!$E:$E,入库流水账!$C:$C,$B13,入库流水账!$B:$B,L$3) -> 0 | M13: =SUMIFS(出库流水账!$E:$E,出库流水账!$C:$C,$B13,出库流水账!$B:$B,L$3) -> 0 | N13: =SUMIFS(入库流水账!$E:$E,入库流水账!$C:$C,$B13,入库流水账!$B:$B,N$3) -> 0 | O13: =SUMIFS(出库流水账!$E:$E,出库流水账!$C:$C,$B13,出库流水账!$B:$B,N$3) -> 0 | P13: =SUMIFS(入库流水账!$E:$E,入库流水账!$C:$C,$B13,入库流水账!$B:$B,P$3) -> 0 | Q13: =SUMIFS(出库流水账!$E:$E,出库流水账!$C:$C,$B13,出库流水账!$B:$B,P$3) -> 1 | R13: =SUMIFS(入库流水账!$E:$E,入库流水账!$C:$C,$B13,入库流水账!$B:$B,R$3) -> 0 | S13: =SUMIFS(出库流水账!$E:$E,出库流水账!$C:$C,$B13,出库流水账!$B:$B,R$3) -> 0 | T13: =SUMIFS(入库流水账!$E:$E,入库流水账!$C:$C,$B13,入库流水账!$B:$B,T$3) -> 0 | U13: =SUMIFS(出库流水账!$E:$E,出库流水账!$C:$C,$B13,出库流水账!$B:$B,T$3) -> 0 | V13: =SUMIFS(入库流水账!$E:$E,入库流水账!$C:$C,$B13,入库流水账!$B:$B,V$3) -> 0 | W13: =SUMIFS(出库流水账!$E:$E,出库流水账!$C:$C,$B13,出库流水账!$B:$B,V$3) -> 0 | X13: =SUMIFS(入库流水账!$E:$E,入库流水账!$C:$C,$B13,入库流水账!$B:$B,X$3) -> 0 | Y13: =SUMIFS(出库流水账!$E:$E,出库流水账!$C:$C,$B13,出库流水账!$B:$B,X$3) -> 0 | Z13: =SUMIFS(入库流水账!$E:$E,入库流水账!$C:$C,$B13,入库流水账!$B:$B,Z$3) -> 0 | AA13: =SUMIFS(出库流水账!$E:$E,出库流水账!$C:$C,$B13,出库流水账!$B:$B,Z$3) -> 0 | AB13: =SUMIFS(入库流水账!$E:$E,入库流水账!$C:$C,$B13,入库流水账!$B:$B,AB$3) -> 0 | AC13: =SUMIFS(出库流水账!$E:$E,出库流水账!$C:$C,$B13,出库流水账!$B:$B,AB$3) -> 0 | AD13: =SUMIFS(入库流水账!$E:$E,入库流水账!$C:$C,$B13,入库流水账!$B:$B,AD$3) -> 0 | AE13: =SUMIFS(出库流水账!$E:$E,出库流水账!$C:$C,$B13,出库流水账!$B:$B,AD$3) -> 2 | AF13: =SUMIFS(入库流水账!$E:$E,入库流水账!$C:$C,$B13,入库流水账!$B:$B,AF$3) -> 0 | AG13: =SUMIFS(出库流水账!$E:$E,出库流水账!$C:$C,$B13,出库流水账!$B:$B,AF$3) -> 0 | AH13: =SUMIFS(入库流水账!$E:$E,入库流水账!$C:$C,$B13,入库流水账!$B:$B,AH$3) -> 0 | AI13: =SUMIFS(出库流水账!$E:$E,出库流水账!$C:$C,$B13,出库流水账!$B:$B,AH$3) -> 2 | AJ13: =SUMIFS(入库流水账!$E:$E,入库流水账!$C:$C,$B13,入库流水账!$B:$B,AJ$3) -> 12 | AK13: =SUMIFS(出库流水账!$E:$E,出库流水账!$C:$C,$B13,出库流水账!$B:$B,AJ$3) -> 0 | AL13: =SUMIFS(入库流水账!$E:$E,入库流水账!$C:$C,$B13,入库流水账!$B:$B,AL$3) -> 0 | AM13: =SUMIFS(出库流水账!$E:$E,出库流水账!$C:$C,$B13,出库流水账!$B:$B,AL$3) -> 0 | AN13: =SUMIFS(入库流水账!$E:$E,入库流水账!$C:$C,$B13,入库流水账!$B:$B,AN$3) -> 0 | AO13: =SUMIFS(出库流水账!$E:$E,出库流水账!$C:$C,$B13,出库流水账!$B:$B,AN$3) -> 0 | AP13: =SUMIFS(入库流水账!$E:$E,入库流水账!$C:$C,$B13,入库流水账!$B:$B,AP$3) -> 0 | AQ13: =SUMIFS(出库流水账!$E:$E,出库流水账!$C:$C,$B13,出库流水账!$B:$B,AP$3) -> 0 | AR13: =SUMIFS(入库流水账!$E:$E,入库流水账!$C:$C,$B13,入库流水账!$B:$B,AR$3) -> 0 | AS13: =SUMIFS(出库流水账!$E:$E,出库流水账!$C:$C,$B13,出库流水账!$B:$B,AR$3) -> 0 | AT13: =SUMIFS(入库流水账!$E:$E,入库流水账!$C:$C,$B13,入库流水账!$B:$B,AT$3) -> 0 | AU13: =SUMIFS(出库流水账!$E:$E,出库流水账!$C:$C,$B13,出库流水账!$B:$B,AT$3) -> 0 | AV13: =SUMIFS(入库流水账!$E:$E,入库流水账!$C:$C,$B13,入库流水账!$B:$B,AV$3) -> 0 | AW13: =SUMIFS(出库流水账!$E:$E,出库流水账!$C:$C,$B13,出库流水账!$B:$B,AV$3) -> 0 | AX13: =SUMIFS(入库流水账!$E:$E,入库流水账!$C:$C,$B13,入库流水账!$B:$B,AX$3) -> 0 | AY13: =SUMIFS(出库流水账!$E:$E,出库流水账!$C:$C,$B13,出库流水账!$B:$B,AX$3) -> 0 | AZ13: =SUMIFS(入库流水账!$E:$E,入库流水账!$C:$C,$B13,入库流水账!$B:$B,AZ$3) -> 0 | BA13: =SUMIFS(出库流水账!$E:$E,出库流水账!$C:$C,$B13,出库流水账!$B:$B,AZ$3) -> 0 | BB13: =SUMIFS(入库流水账!$E:$E,入库流水账!$C:$C,$B13,入库流水账!$B:$B,BB$3) -> 0 | BC13: =SUMIFS(出库流水账!$E:$E,出库流水账!$C:$C,$B13,出库流水账!$B:$B,BB$3) -> 0 | BD13: =SUMIFS(入库流水账!$E:$E,入库流水账!$C:$C,$B13,入库流水账!$B:$B,BD$3) -> 0 | BE13: =SUMIFS(出库流水账!$E:$E,出库流水账!$C:$C,$B13,出库流水账!$B:$B,BD$3) -> 0 | BF13: =SUMIFS(入库流水账!$E:$E,入库流水账!$C:$C,$B13,入库流水账!$B:$B,BF$3) -> 0 | BG13: =SUMIFS(出库流水账!$E:$E,出库流水账!$C:$C,$B13,出库流水账!$B:$B,BF$3) -> 0 | BH13: =SUMIFS(入库流水账!$E:$E,入库流水账!$C:$C,$B13,入库流水账!$B:$B,BH$3) -> 0 | BI13: =SUMIFS(出库流水账!$E:$E,出库流水账!$C:$C,$B13,出库流水账!$B:$B,BH$3) -> 0 | BJ13: =SUMIFS(入库流水账!$E:$E,入库流水账!$C:$C,$B13,入库流水账!$B:$B,BJ$3) -> 0 | BK13: =SUMIFS(出库流水账!$E:$E,出库流水账!$C:$C,$B13,出库流水账!$B:$B,BJ$3) -> 0 | BL13: =SUMIFS(入库流水账!$E:$E,入库流水账!$C:$C,$B13,入库流水账!$B:$B,BL$3) -> 0 | BM13: =SUMIFS(出库流水账!$E:$E,出库流水账!$C:$C,$B13,出库流水账!$B:$B,BL$3) -> 0 | BN13: =SUMIFS(入库流水账!$E:$E,入库流水账!$C:$C,$B13,入库流水账!$B:$B,BN$3) -> 0 | BO13: =SUMIFS(出库流水账!$E:$E,出库流水账!$C:$C,$B13,出库流水账!$B:$B,BN$3) -> 0 | BP13: =SUMIFS(入库流水账!$E:$E,入库流水账!$C:$C,$B13,入库流水账!$B:$B,BP$3) -> 0 | BQ13: =SUMIFS(出库流水账!$E:$E,出库流水账!$C:$C,$B13,出库流水账!$B:$B,BP$3) -> 0
A14: =ROW()-4 -> 10 | B14: 恒顺白醋 | C14: =IFERROR(VLOOKUP(B14,产品数据!$B:$D,3,FALSE),"") -> 瓶 | D14: 4 | E14: =SUMIF($H$4:$BQ$4,$E$2,H14:BQ14) -> 36 | F14: =SUMIF($H$4:$BQ$4,$F$2,H14:BQ14) -> 7 | G14: =D14+E14-F14 -> 33 | H14: =SUMIFS(入库流水账!$E:$E,入库流水账!$C:$C,$B14,入库流水账!$B:$B,H$3) -> 0 | I14: =SUMIFS(出库流水账!$E:$E,出库流水账!$C:$C,$B14,出库流水账!$B:$B,H$3) -> 0 | J14: =SUMIFS(入库流水账!$E:$E,入库流水账!$C:$C,$B14,入库流水账!$B:$B,J$3) -> 0 | K14: =SUMIFS(出库流水账!$E:$E,出库流水账!$C:$C,$B14,出库流水账!$B:$B,J$3) -> 0 | L14: =SUMIFS(入库流水账!$E:$E,入库流水账!$C:$C,$B14,入库流水账!$B:$B,L$3) -> 0 | M14: =SUMIFS(出库流水账!$E:$E,出库流水账!$C:$C,$B14,出库流水账!$B:$B,L$3) -> 0 | N14: =SUMIFS(入库流水账!$E:$E,入库流水账!$C:$C,$B14,入库流水账!$B:$B,N$3) -> 0 | O14: =SUMIFS(出库流水账!$E:$E,出库流水账!$C:$C,$B14,出库流水账!$B:$B,N$3) -> 2 | P14: =SUMIFS(入库流水账!$E:$E,入库流水账!$C:$C,$B14,入库流水账!$B:$B,P$3) -> 0 | Q14: =SUMIFS(出库流水账!$E:$E,出库流水账!$C:$C,$B14,出库流水账!$B:$B,P$3) -> 1 | R14: =SUMIFS(入库流水账!$E:$E,入库流水账!$C:$C,$B14,入库流水账!$B:$B,R$3) -> 0 | S14: =SUMIFS(出库流水账!$E:$E,出库流水账!$C:$C,$B14,出库流水账!$B:$B,R$3) -> 0 | T14: =SUMIFS(入库流水账!$E:$E,入库流水账!$C:$C,$B14,入库流水账!$B:$B,T$3) -> 12 | U14: =SUMIFS(出库流水账!$E:$E,出库流水账!$C:$C,$B14,出库流水账!$B:$B,T$3) -> 0 | V14: =SUMIFS(入库流水账!$E:$E,入库流水账!$C:$C,$B14,入库流水账!$B:$B,V$3) -> 0 | W14: =SUMIFS(出库流水账!$E:$E,出库流水账!$C:$C,$B14,出库流水账!$B:$B,V$3) -> 0 | X14: =SUMIFS(入库流水账!$E:$E,入库流水账!$C:$C,$B14,入库流水账!$B:$B,X$3) -> 0 | Y14: =SUMIFS(出库流水账!$E:$E,出库流水账!$C:$C,$B14,出库流水账!$B:$B,X$3) -> 0 | Z14: =SUMIFS(入库流水账!$E:$E,入库流水账!$C:$C,$B14,入库流水账!$B:$B,Z$3) -> 0 | AA14: =SUMIFS(出库流水账!$E:$E,出库流水账!$C:$C,$B14,出库流水账!$B:$B,Z$3) -> 0 | AB14: =SUMIFS(入库流水账!$E:$E,入库流水账!$C:$C,$B14,入库流水账!$B:$B,AB$3) -> 0 | AC14: =SUMIFS(出库流水账!$E:$E,出库流水账!$C:$C,$B14,出库流水账!$B:$B,AB$3) -> 0 | AD14: =SUMIFS(入库流水账!$E:$E,入库流水账!$C:$C,$B14,入库流水账!$B:$B,AD$3) -> 0 | AE14: =SUMIFS(出库流水账!$E:$E,出库流水账!$C:$C,$B14,出库流水账!$B:$B,AD$3) -> 0 | AF14: =SUMIFS(入库流水账!$E:$E,入库流水账!$C:$C,$B14,入库流水账!$B:$B,AF$3) -> 0 | AG14: =SUMIFS(出库流水账!$E:$E,出库流水账!$C:$C,$B14,出库流水账!$B:$B,AF$3) -> 0 | AH14: =SUMIFS(入库流水账!$E:$E,入库流水账!$C:$C,$B14,入库流水账!$B:$B,AH$3) -> 0 | AI14: =SUMIFS(出库流水账!$E:$E,出库流水账!$C:$C,$B14,出库流水账!$B:$B,AH$3) -> 4 | AJ14: =SUMIFS(入库流水账!$E:$E,入库流水账!$C:$C,$B14,入库流水账!$B:$B,AJ$3) -> 24 | AK14: =SUMIFS(出库流水账!$E:$E,出库流水账!$C:$C,$B14,出库流水账!$B:$B,AJ$3) -> 0 | AL14: =SUMIFS(入库流水账!$E:$E,入库流水账!$C:$C,$B14,入库流水账!$B:$B,AL$3) -> 0 | AM14: =SUMIFS(出库流水账!$E:$E,出库流水账!$C:$C,$B14,出库流水账!$B:$B,AL$3) -> 0 | AN14: =SUMIFS(入库流水账!$E:$E,入库流水账!$C:$C,$B14,入库流水账!$B:$B,AN$3) -> 0 | AO14: =SUMIFS(出库流水账!$E:$E,出库流水账!$C:$C,$B14,出库流水账!$B:$B,AN$3) -> 0 | AP14: =SUMIFS(入库流水账!$E:$E,入库流水账!$C:$C,$B14,入库流水账!$B:$B,AP$3) -> 0 | AQ14: =SUMIFS(出库流水账!$E:$E,出库流水账!$C:$C,$B14,出库流水账!$B:$B,AP$3) -> 0 | AR14: =SUMIFS(入库流水账!$E:$E,入库流水账!$C:$C,$B14,入库流水账!$B:$B,AR$3) -> 0 | AS14: =SUMIFS(出库流水账!$E:$E,出库流水账!$C:$C,$B14,出库流水账!$B:$B,AR$3) -> 0 | AT14: =SUMIFS(入库流水账!$E:$E,入库流水账!$C:$C,$B14,入库流水账!$B:$B,AT$3) -> 0 | AU14: =SUMIFS(出库流水账!$E:$E,出库流水账!$C:$C,$B14,出库流水账!$B:$B,AT$3) -> 0 | AV14: =SUMIFS(入库流水账!$E:$E,入库流水账!$C:$C,$B14,入库流水账!$B:$B,AV$3) -> 0 | AW14: =SUMIFS(出库流水账!$E:$E,出库流水账!$C:$C,$B14,出库流水账!$B:$B,AV$3) -> 0 | AX14: =SUMIFS(入库流水账!$E:$E,入库流水账!$C:$C,$B14,入库流水账!$B:$B,AX$3) -> 0 | AY14: =SUMIFS(出库流水账!$E:$E,出库流水账!$C:$C,$B14,出库流水账!$B:$B,AX$3) -> 0 | AZ14: =SUMIFS(入库流水账!$E:$E,入库流水账!$C:$C,$B14,入库流水账!$B:$B,AZ$3) -> 0 | BA14: =SUMIFS(出库流水账!$E:$E,出库流水账!$C:$C,$B14,出库流水账!$B:$B,AZ$3) -> 0 | BB14: =SUMIFS(入库流水账!$E:$E,入库流水账!$C:$C,$B14,入库流水账!$B:$B,BB$3) -> 0 | BC14: =SUMIFS(出库流水账!$E:$E,出库流水账!$C:$C,$B14,出库流水账!$B:$B,BB$3) -> 0 | BD14: =SUMIFS(入库流水账!$E:$E,入库流水账!$C:$C,$B14,入库流水账!$B:$B,BD$3) -> 0 | BE14: =SUMIFS(出库流水账!$E:$E,出库流水账!$C:$C,$B14,出库流水账!$B:$B,BD$3) -> 0 | BF14: =SUMIFS(入库流水账!$E:$E,入库流水账!$C:$C,$B14,入库流水账!$B:$B,BF$3) -> 0 | BG14: =SUMIFS(出库流水账!$E:$E,出库流水账!$C:$C,$B14,出库流水账!$B:$B,BF$3) -> 0 | BH14: =SUMIFS(入库流水账!$E:$E,入库流水账!$C:$C,$B14,入库流水账!$B:$B,BH$3) -> 0 | BI14: =SUMIFS(出库流水账!$E:$E,出库流水账!$C:$C,$B14,出库流水账!$B:$B,BH$3) -> 0 | BJ14: =SUMIFS(入库流水账!$E:$E,入库流水账!$C:$C,$B14,入库流水账!$B:$B,BJ$3) -> 0 | BK14: =SUMIFS(出库流水账!$E:$E,出库流水账!$C:$C,$B14,出库流水账!$B:$B,BJ$3) -> 0 | BL14: =SUMIFS(入库流水账!$E:$E,入库流水账!$C:$C,$B14,入库流水账!$B:$B,BL$3) -> 0 | BM14: =SUMIFS(出库流水账!$E:$E,出库流水账!$C:$C,$B14,出库流水账!$B:$B,BL$3) -> 0 | BN14: =SUMIFS(入库流水账!$E:$E,入库流水账!$C:$C,$B14,入库流水账!$B:$B,BN$3) -> 0 | BO14: =SUMIFS(出库流水账!$E:$E,出库流水账!$C:$C,$B14,出库流水账!$B:$B,BN$3) -> 0 | BP14: =SUMIFS(入库流水账!$E:$E,入库流水账!$C:$C,$B14,入库流水账!$B:$B,BP$3) -> 0 | BQ14: =SUMIFS(出库流水账!$E:$E,出库流水账!$C:$C,$B14,出库流水账!$B:$B,BP$3) -> 0
A15: =ROW()-4 -> 11 | B15: 海之佳紫菜 | C15: =IFERROR(VLOOKUP(B15,产品数据!$B:$D,3,FALSE),"") -> 包 | D15: 8 | E15: =SUMIF($H$4:$BQ$4,$E$2,H15:BQ15) -> 0 | F15: =SUMIF($H$4:$BQ$4,$F$2,H15:BQ15) -> 2 | G15: =D15+E15-F15 -> 6 | H15: =SUMIFS(入库流水账!$E:$E,入库流水账!$C:$C,$B15,入库流水账!$B:$B,H$3) -> 0 | I15: =SUMIFS(出库流水账!$E:$E,出库流水账!$C:$C,$B15,出库流水账!$B:$B,H$3) -> 0 | J15: =SUMIFS(入库流水账!$E:$E,入库流水账!$C:$C,$B15,入库流水账!$B:$B,J$3) -> 0 | K15: =SUMIFS(出库流水账!$E:$E,出库流水账!$C:$C,$B15,出库流水账!$B:$B,J$3) -> 0 | L15: =SUMIFS(入库流水账!$E:$E,入库流水账!$C:$C,$B15,入库流水账!$B:$B,L$3) -> 0 | M15: =SUMIFS(出库流水账!$E:$E,出库流水账!$C:$C,$B15,出库流水账!$B:$B,L$3) -> 0 | N15: =SUMIFS(入库流水账!$E:$E,入库流水账!$C:$C,$B15,入库流水账!$B:$B,N$3) -> 0 | O15: =SUMIFS(出库流水账!$E:$E,出库流水账!$C:$C,$B15,出库流水账!$B:$B,N$3) -> 0 | P15: =SUMIFS(入库流水账!$E:$E,入库流水账!$C:$C,$B15,入库流水账!$B:$B,P$3) -> 0 | Q15: =SUMIFS(出库流水账!$E:$E,出库流水账!$C:$C,$B15,出库流水账!$B:$B,P$3) -> 0 | R15: =SUMIFS(入库流水账!$E:$E,入库流水账!$C:$C,$B15,入库流水账!$B:$B,R$3) -> 0 | S15: =SUMIFS(出库流水账!$E:$E,出库流水账!$C:$C,$B15,出库流水账!$B:$B,R$3) -> 0 | T15: =SUMIFS(入库流水账!$E:$E,入库流水账!$C:$C,$B15,入库流水账!$B:$B,T$3) -> 0 | U15: =SUMIFS(出库流水账!$E:$E,出库流水账!$C:$C,$B15,出库流水账!$B:$B,T$3) -> 0 | V15: =SUMIFS(入库流水账!$E:$E,入库流水账!$C:$C,$B15,入库流水账!$B:$B,V$3) -> 0 | W15: =SUMIFS(出库流水账!$E:$E,出库流水账!$C:$C,$B15,出库流水账!$B:$B,V$3) -> 0 | X15: =SUMIFS(入库流水账!$E:$E,入库流水账!$C:$C,$B15,入库流水账!$B:$B,X$3) -> 0 | Y15: =SUMIFS(出库流水账!$E:$E,出库流水账!$C:$C,$B15,出库流水账!$B:$B,X$3) -> 1 | Z15: =SUMIFS(入库流水账!$E:$E,入库流水账!$C:$C,$B15,入库流水账!$B:$B,Z$3) -> 0 | AA15: =SUMIFS(出库流水账!$E:$E,出库流水账!$C:$C,$B15,出库流水账!$B:$B,Z$3) -> 0 | AB15: =SUMIFS(入库流水账!$E:$E,入库流水账!$C:$C,$B15,入库流水账!$B:$B,AB$3) -> 0 | AC15: =SUMIFS(出库流水账!$E:$E,出库流水账!$C:$C,$B15,出库流水账!$B:$B,AB$3) -> 0 | AD15: =SUMIFS(入库流水账!$E:$E,入库流水账!$C:$C,$B15,入库流水账!$B:$B,AD$3) -> 0 | AE15: =SUMIFS(出库流水账!$E:$E,出库流水账!$C:$C,$B15,出库流水账!$B:$B,AD$3) -> 0 | AF15: =SUMIFS(入库流水账!$E:$E,入库流水账!$C:$C,$B15,入库流水账!$B:$B,AF$3) -> 0 | AG15: =SUMIFS(出库流水账!$E:$E,出库流水账!$C:$C,$B15,出库流水账!$B:$B,AF$3) -> 0 | AH15: =SUMIFS(入库流水账!$E:$E,入库流水账!$C:$C,$B15,入库流水账!$B:$B,AH$3) -> 0 | AI15: =SUMIFS(出库流水账!$E:$E,出库流水账!$C:$C,$B15,出库流水账!$B:$B,AH$3) -> 0 | AJ15: =SUMIFS(入库流水账!$E:$E,入库流水账!$C:$C,$B15,入库流水账!$B:$B,AJ$3) -> 0 | AK15: =SUMIFS(出库流水账!$E:$E,出库流水账!$C:$C,$B15,出库流水账!$B:$B,AJ$3) -> 0 | AL15: =SUMIFS(入库流水账!$E:$E,入库流水账!$C:$C,$B15,入库流水账!$B:$B,AL$3) -> 0 | AM15: =SUMIFS(出库流水账!$E:$E,出库流水账!$C:$C,$B15,出库流水账!$B:$B,AL$3) -> 0 | AN15: =SUMIFS(入库流水账!$E:$E,入库流水账!$C:$C,$B15,入库流水账!$B:$B,AN$3) -> 0 | AO15: =SUMIFS(出库流水账!$E:$E,出库流水账!$C:$C,$B15,出库流水账!$B:$B,AN$3) -> 0 | AP15: =SUMIFS(入库流水账!$E:$E,入库流水账!$C:$C,$B15,入库流水账!$B:$B,AP$3) -> 0 | AQ15: =SUMIFS(出库流水账!$E:$E,出库流水账!$C:$C,$B15,出库流水账!$B:$B,AP$3) -> 0 | AR15: =SUMIFS(入库流水账!$E:$E,入库流水账!$C:$C,$B15,入库流水账!$B:$B,AR$3) -> 0 | AS15: =SUMIFS(出库流水账!$E:$E,出库流水账!$C:$C,$B15,出库流水账!$B:$B,AR$3) -> 0 | AT15: =SUMIFS(入库流水账!$E:$E,入库流水账!$C:$C,$B15,入库流水账!$B:$B,AT$3) -> 0 | AU15: =SUMIFS(出库流水账!$E:$E,出库流水账!$C:$C,$B15,出库流水账!$B:$B,AT$3) -> 0 | AV15: =SUMIFS(入库流水账!$E:$E,入库流水账!$C:$C,$B15,入库流水账!$B:$B,AV$3) -> 0 | AW15: =SUMIFS(出库流水账!$E:$E,出库流水账!$C:$C,$B15,出库流水账!$B:$B,AV$3) -> 0 | AX15: =SUMIFS(入库流水账!$E:$E,入库流水账!$C:$C,$B15,入库流水账!$B:$B,AX$3) -> 0 | AY15: =SUMIFS(出库流水账!$E:$E,出库流水账!$C:$C,$B15,出库流水账!$B:$B,AX$3) -> 0 | AZ15: =SUMIFS(入库流水账!$E:$E,入库流水账!$C:$C,$B15,入库流水账!$B:$B,AZ$3) -> 0 | BA15: =SUMIFS(出库流水账!$E:$E,出库流水账!$C:$C,$B15,出库流水账!$B:$B,AZ$3) -> 1 | BB15: =SUMIFS(入库流水账!$E:$E,入库流水账!$C:$C,$B15,入库流水账!$B:$B,BB$3) -> 0 | BC15: =SUMIFS(出库流水账!$E:$E,出库流水账!$C:$C,$B15,出库流水账!$B:$B,BB$3) -> 0 | BD15: =SUMIFS(入库流水账!$E:$E,入库流水账!$C:$C,$B15,入库流水账!$B:$B,BD$3) -> 0 | BE15: =SUMIFS(出库流水账!$E:$E,出库流水账!$C:$C,$B15,出库流水账!$B:$B,BD$3) -> 0 | BF15: =SUMIFS(入库流水账!$E:$E,入库流水账!$C:$C,$B15,入库流水账!$B:$B,BF$3) -> 0 | BG15: =SUMIFS(出库流水账!$E:$E,出库流水账!$C:$C,$B15,出库流水账!$B:$B,BF$3) -> 0 | BH15: =SUMIFS(入库流水账!$E:$E,入库流水账!$C:$C,$B15,入库流水账!$B:$B,BH$3) -> 0 | BI15: =SUMIFS(出库流水账!$E:$E,出库流水账!$C:$C,$B15,出库流水账!$B:$B,BH$3) -> 0 | BJ15: =SUMIFS(入库流水账!$E:$E,入库流水账!$C:$C,$B15,入库流水账!$B:$B,BJ$3) -> 0 | BK15: =SUMIFS(出库流水账!$E:$E,出库流水账!$C:$C,$B15,出库流水账!$B:$B,BJ$3) -> 0 | BL15: =SUMIFS(入库流水账!$E:$E,入库流水账!$C:$C,$B15,入库流水账!$B:$B,BL$3) -> 0 | BM15: =SUMIFS(出库流水账!$E:$E,出库流水账!$C:$C,$B15,出库流水账!$B:$B,BL$3) -> 0 | BN15: =SUMIFS(入库流水账!$E:$E,入库流水账!$C:$C,$B15,入库流水账!$B:$B,BN$3) -> 0 | BO15: =SUMIFS(出库流水账!$E:$E,出库流水账!$C:$C,$B15,出库流水账!$B:$B,BN$3) -> 0 | BP15: =SUMIFS(入库流水账!$E:$E,入库流水账!$C:$C,$B15,入库流水账!$B:$B,BP$3) -> 0 | BQ15: =SUMIFS(出库流水账!$E:$E,出库流水账!$C:$C,$B15,出库流水账!$B:$B,BP$3) -> 0
A16: =ROW()-4 -> 12 | B16: 滇玉小米辣 | C16: =IFERROR(VLOOKUP(B16,产品数据!$B:$D,3,FALSE),"") -> 包 | D16: 7 | E16: =SUMIF($H$4:$BQ$4,$E$2,H16:BQ16) -> 30 | F16: =SUMIF($H$4:$BQ$4,$F$2,H16:BQ16) -> 5 | G16: =D16+E16-F16 -> 32 | H16: =SUMIFS(入库流水账!$E:$E,入库流水账!$C:$C,$B16,入库流水账!$B:$B,H$3) -> 0 | I16: =SUMIFS(出库流水账!$E:$E,出库流水账!$C:$C,$B16,出库流水账!$B:$B,H$3) -> 0 | J16: =SUMIFS(入库流水账!$E:$E,入库流水账!$C:$C,$B16,入库流水账!$B:$B,J$3) -> 0 | K16: =SUMIFS(出库流水账!$E:$E,出库流水账!$C:$C,$B16,出库流水账!$B:$B,J$3) -> 0 | L16: =SUMIFS(入库流水账!$E:$E,入库流水账!$C:$C,$B16,入库流水账!$B:$B,L$3) -> 0 | M16: =SUMIFS(出库流水账!$E:$E,出库流水账!$C:$C,$B16,出库流水账!$B:$B,L$3) -> 0 | N16: =SUMIFS(入库流水账!$E:$E,入库流水账!$C:$C,$B16,入库流水账!$B:$B,N$3) -> 0 | O16: =SUMIFS(出库流水账!$E:$E,出库流水账!$C:$C,$B16,出库流水账!$B:$B,N$3) -> 0 | P16: =SUMIFS(入库流水账!$E:$E,入库流水账!$C:$C,$B16,入库流水账!$B:$B,P$3) -> 0 | Q16: =SUMIFS(出库流水账!$E:$E,出库流水账!$C:$C,$B16,出库流水账!$B:$B,P$3) -> 2 | R16: =SUMIFS(入库流水账!$E:$E,入库流水账!$C:$C,$B16,入库流水账!$B:$B,R$3) -> 0 | S16: =SUMIFS(出库流水账!$E:$E,出库流水账!$C:$C,$B16,出库流水账!$B:$B,R$3) -> 1 | T16: =SUMIFS(入库流水账!$E:$E,入库流水账!$C:$C,$B16,入库流水账!$B:$B,T$3) -> 0 | U16: =SUMIFS(出库流水账!$E:$E,出库流水账!$C:$C,$B16,出库流水账!$B:$B,T$3) -> 0 | V16: =SUMIFS(入库流水账!$E:$E,入库流水账!$C:$C,$B16,入库流水账!$B:$B,V$3) -> 0 | W16: =SUMIFS(出库流水账!$E:$E,出库流水账!$C:$C,$B16,出库流水账!$B:$B,V$3) -> 0 | X16: =SUMIFS(入库流水账!$E:$E,入库流水账!$C:$C,$B16,入库流水账!$B:$B,X$3) -> 0 | Y16: =SUMIFS(出库流水账!$E:$E,出库流水账!$C:$C,$B16,出库流水账!$B:$B,X$3) -> 0 | Z16: =SUMIFS(入库流水账!$E:$E,入库流水账!$C:$C,$B16,入库流水账!$B:$B,Z$3) -> 0 | AA16: =SUMIFS(出库流水账!$E:$E,出库流水账!$C:$C,$B16,出库流水账!$B:$B,Z$3) -> 0 | AB16: =SUMIFS(入库流水账!$E:$E,入库流水账!$C:$C,$B16,入库流水账!$B:$B,AB$3) -> 0 | AC16: =SUMIFS(出库流水账!$E:$E,出库流水账!$C:$C,$B16,出库流水账!$B:$B,AB$3) -> 0 | AD16: =SUMIFS(入库流水账!$E:$E,入库流水账!$C:$C,$B16,入库流水账!$B:$B,AD$3) -> 30 | AE16: =SUMIFS(出库流水账!$E:$E,出库流水账!$C:$C,$B16,出库流水账!$B:$B,AD$3) -> 0 | AF16: =SUMIFS(入库流水账!$E:$E,入库流水账!$C:$C,$B16,入库流水账!$B:$B,AF$3) -> 0 | AG16: =SUMIFS(出库流水账!$E:$E,出库流水账!$C:$C,$B16,出库流水账!$B:$B,AF$3) -> 0 | AH16: =SUMIFS(入库流水账!$E:$E,入库流水账!$C:$C,$B16,入库流水账!$B:$B,AH$3) -> 0 | AI16: =SUMIFS(出库流水账!$E:$E,出库流水账!$C:$C,$B16,出库流水账!$B:$B,AH$3) -> 0 | AJ16: =SUMIFS(入库流水账!$E:$E,入库流水账!$C:$C,$B16,入库流水账!$B:$B,AJ$3) -> 0 | AK16: =SUMIFS(出库流水账!$E:$E,出库流水账!$C:$C,$B16,出库流水账!$B:$B,AJ$3) -> 1 | AL16: =SUMIFS(入库流水账!$E:$E,入库流水账!$C:$C,$B16,入库流水账!$B:$B,AL$3) -> 0 | AM16: =SUMIFS(出库流水账!$E:$E,出库流水账!$C:$C,$B16,出库流水账!$B:$B,AL$3) -> 0 | AN16: =SUMIFS(入库流水账!$E:$E,入库流水账!$C:$C,$B16,入库流水账!$B:$B,AN$3) -> 0 | AO16: =SUMIFS(出库流水账!$E:$E,出库流水账!$C:$C,$B16,出库流水账!$B:$B,AN$3) -> 0 | AP16: =SUMIFS(入库流水账!$E:$E,入库流水账!$C:$C,$B16,入库流水账!$B:$B,AP$3) -> 0 | AQ16: =SUMIFS(出库流水账!$E:$E,出库流水账!$C:$C,$B16,出库流水账!$B:$B,AP$3) -> 0 | AR16: =SUMIFS(入库流水账!$E:$E,入库流水账!$C:$C,$B16,入库流水账!$B:$B,AR$3) -> 0 | AS16: =SUMIFS(出库流水账!$E:$E,出库流水账!$C:$C,$B16,出库流水账!$B:$B,AR$3) -> 0 | AT16: =SUMIFS(入库流水账!$E:$E,入库流水账!$C:$C,$B16,入库流水账!$B:$B,AT$3) -> 0 | AU16: =SUMIFS(出库流水账!$E:$E,出库流水账!$C:$C,$B16,出库流水账!$B:$B,AT$3) -> 0 | AV16: =SUMIFS(入库流水账!$E:$E,入库流水账!$C:$C,$B16,入库流水账!$B:$B,AV$3) -> 0 | AW16: =SUMIFS(出库流水账!$E:$E,出库流水账!$C:$C,$B16,出库流水账!$B:$B,AV$3) -> 0 | AX16: =SUMIFS(入库流水账!$E:$E,入库流水账!$C:$C,$B16,入库流水账!$B:$B,AX$3) -> 0 | AY16: =SUMIFS(出库流水账!$E:$E,出库流水账!$C:$C,$B16,出库流水账!$B:$B,AX$3) -> 0 | AZ16: =SUMIFS(入库流水账!$E:$E,入库流水账!$C:$C,$B16,入库流水账!$B:$B,AZ$3) -> 0 | BA16: =SUMIFS(出库流水账!$E:$E,出库流水账!$C:$C,$B16,出库流水账!$B:$B,AZ$3) -> 0 | BB16: =SUMIFS(入库流水账!$E:$E,入库流水账!$C:$C,$B16,入库流水账!$B:$B,BB$3) -> 0 | BC16: =SUMIFS(出库流水账!$E:$E,出库流水账!$C:$C,$B16,出库流水账!$B:$B,BB$3) -> 0 | BD16: =SUMIFS(入库流水账!$E:$E,入库流水账!$C:$C,$B16,入库流水账!$B:$B,BD$3) -> 0 | BE16: =SUMIFS(出库流水账!$E:$E,出库流水账!$C:$C,$B16,出库流水账!$B:$B,BD$3) -> 0 | BF16: =SUMIFS(入库流水账!$E:$E,入库流水账!$C:$C,$B16,入库流水账!$B:$B,BF$3) -> 0 | BG16: =SUMIFS(出库流水账!$E:$E,出库流水账!$C:$C,$B16,出库流水账!$B:$B,BF$3) -> 0 | BH16: =SUMIFS(入库流水账!$E:$E,入库流水账!$C:$C,$B16,入库流水账!$B:$B,BH$3) -> 0 | BI16: =SUMIFS(出库流水账!$E:$E,出库流水账!$C:$C,$B16,出库流水账!$B:$B,BH$3) -> 1 | BJ16: =SUMIFS(入库流水账!$E:$E,入库流水账!$C:$C,$B16,入库流水账!$B:$B,BJ$3) -> 0 | BK16: =SUMIFS(出库流水账!$E:$E,出库流水账!$C:$C,$B16,出库流水账!$B:$B,BJ$3) -> 0 | BL16: =SUMIFS(入库流水账!$E:$E,入库流水账!$C:$C,$B16,入库流水账!$B:$B,BL$3) -> 0 | BM16: =SUMIFS(出库流水账!$E:$E,出库流水账!$C:$C,$B16,出库流水账!$B:$B,BL$3) -> 0 | BN16: =SUMIFS(入库流水账!$E:$E,入库流水账!$C:$C,$B16,入库流水账!$B:$B,BN$3) -> 0 | BO16: =SUMIFS(出库流水账!$E:$E,出库流水账!$C:$C,$B16,出库流水账!$B:$B,BN$3) -> 0 | BP16: =SUMIFS(入库流水账!$E:$E,入库流水账!$C:$C,$B16,入库流水账!$B:$B,BP$3) -> 0 | BQ16: =SUMIFS(出库流水账!$E:$E,出库流水账!$C:$C,$B16,出库流水账!$B:$B,BP$3) -> 0
A17: =ROW()-4 -> 13 | B17: 雪涛加碘精制盐 | C17: =IFERROR(VLOOKUP(B17,产品数据!$B:$D,3,FALSE),"") -> 包 | D17: ='[2]米油调味品台账表 12月 '!G18 -> 0 | E17: =SUMIF($H$4:$BQ$4,$E$2,H17:BQ17) -> 0 | F17: =SUMIF($H$4:$BQ$4,$F$2,H17:BQ17) -> 0 | G17: =D17+E17-F17 -> 0 | H17: =SUMIFS(入库流水账!$E:$E,入库流水账!$C:$C,$B17,入库流水账!$B:$B,H$3) -> 0 | I17: =SUMIFS(出库流水账!$E:$E,出库流水账!$C:$C,$B17,出库流水账!$B:$B,H$3) -> 0 | J17: =SUMIFS(入库流水账!$E:$E,入库流水账!$C:$C,$B17,入库流水账!$B:$B,J$3) -> 0 | K17: =SUMIFS(出库流水账!$E:$E,出库流水账!$C:$C,$B17,出库流水账!$B:$B,J$3) -> 0 | L17: =SUMIFS(入库流水账!$E:$E,入库流水账!$C:$C,$B17,入库流水账!$B:$B,L$3) -> 0 | M17: =SUMIFS(出库流水账!$E:$E,出库流水账!$C:$C,$B17,出库流水账!$B:$B,L$3) -> 0 | N17: =SUMIFS(入库流水账!$E:$E,入库流水账!$C:$C,$B17,入库流水账!$B:$B,N$3) -> 0 | O17: =SUMIFS(出库流水账!$E:$E,出库流水账!$C:$C,$B17,出库流水账!$B:$B,N$3) -> 0 | P17: =SUMIFS(入库流水账!$E:$E,入库流水账!$C:$C,$B17,入库流水账!$B:$B,P$3) -> 0 | Q17: =SUMIFS(出库流水账!$E:$E,出库流水账!$C:$C,$B17,出库流水账!$B:$B,P$3) -> 0 | R17: =SUMIFS(入库流水账!$E:$E,入库流水账!$C:$C,$B17,入库流水账!$B:$B,R$3) -> 0 | S17: =SUMIFS(出库流水账!$E:$E,出库流水账!$C:$C,$B17,出库流水账!$B:$B,R$3) -> 0 | T17: =SUMIFS(入库流水账!$E:$E,入库流水账!$C:$C,$B17,入库流水账!$B:$B,T$3) -> 0 | U17: =SUMIFS(出库流水账!$E:$E,出库流水账!$C:$C,$B17,出库流水账!$B:$B,T$3) -> 0 | V17: =SUMIFS(入库流水账!$E:$E,入库流水账!$C:$C,$B17,入库流水账!$B:$B,V$3) -> 0 | W17: =SUMIFS(出库流水账!$E:$E,出库流水账!$C:$C,$B17,出库流水账!$B:$B,V$3) -> 0 | X17: =SUMIFS(入库流水账!$E:$E,入库流水账!$C:$C,$B17,入库流水账!$B:$B,X$3) -> 0 | Y17: =SUMIFS(出库流水账!$E:$E,出库流水账!$C:$C,$B17,出库流水账!$B:$B,X$3) -> 0 | Z17: =SUMIFS(入库流水账!$E:$E,入库流水账!$C:$C,$B17,入库流水账!$B:$B,Z$3) -> 0 | AA17: =SUMIFS(出库流水账!$E:$E,出库流水账!$C:$C,$B17,出库流水账!$B:$B,Z$3) -> 0 | AB17: =SUMIFS(入库流水账!$E:$E,入库流水账!$C:$C,$B17,入库流水账!$B:$B,AB$3) -> 0 | AC17: =SUMIFS(出库流水账!$E:$E,出库流水账!$C:$C,$B17,出库流水账!$B:$B,AB$3) -> 0 | AD17: =SUMIFS(入库流水账!$E:$E,入库流水账!$C:$C,$B17,入库流水账!$B:$B,AD$3) -> 0 | AE17: =SUMIFS(出库流水账!$E:$E,出库流水账!$C:$C,$B17,出库流水账!$B:$B,AD$3) -> 0 | AF17: =SUMIFS(入库流水账!$E:$E,入库流水账!$C:$C,$B17,入库流水账!$B:$B,AF$3) -> 0 | AG17: =SUMIFS(出库流水账!$E:$E,出库流水账!$C:$C,$B17,出库流水账!$B:$B,AF$3) -> 0 | AH17: =SUMIFS(入库流水账!$E:$E,入库流水账!$C:$C,$B17,入库流水账!$B:$B,AH$3) -> 0 | AI17: =SUMIFS(出库流水账!$E:$E,出库流水账!$C:$C,$B17,出库流水账!$B:$B,AH$3) -> 0 | AJ17: =SUMIFS(入库流水账!$E:$E,入库流水账!$C:$C,$B17,入库流水账!$B:$B,AJ$3) -> 0 | AK17: =SUMIFS(出库流水账!$E:$E,出库流水账!$C:$C,$B17,出库流水账!$B:$B,AJ$3) -> 0 | AL17: =SUMIFS(入库流水账!$E:$E,入库流水账!$C:$C,$B17,入库流水账!$B:$B,AL$3) -> 0 | AM17: =SUMIFS(出库流水账!$E:$E,出库流水账!$C:$C,$B17,出库流水账!$B:$B,AL$3) -> 0 | AN17: =SUMIFS(入库流水账!$E:$E,入库流水账!$C:$C,$B17,入库流水账!$B:$B,AN$3) -> 0 | AO17: =SUMIFS(出库流水账!$E:$E,出库流水账!$C:$C,$B17,出库流水账!$B:$B,AN$3) -> 0 | AP17: =SUMIFS(入库流水账!$E:$E,入库流水账!$C:$C,$B17,入库流水账!$B:$B,AP$3) -> 0 | AQ17: =SUMIFS(出库流水账!$E:$E,出库流水账!$C:$C,$B17,出库流水账!$B:$B,AP$3) -> 0 | AR17: =SUMIFS(入库流水账!$E:$E,入库流水账!$C:$C,$B17,入库流水账!$B:$B,AR$3) -> 0 | AS17: =SUMIFS(出库流水账!$E:$E,出库流水账!$C:$C,$B17,出库流水账!$B:$B,AR$3) -> 0 | AT17: =SUMIFS(入库流水账!$E:$E,入库流水账!$C:$C,$B17,入库流水账!$B:$B,AT$3) -> 0 | AU17: =SUMIFS(出库流水账!$E:$E,出库流水账!$C:$C,$B17,出库流水账!$B:$B,AT$3) -> 0 | AV17: =SUMIFS(入库流水账!$E:$E,入库流水账!$C:$C,$B17,入库流水账!$B:$B,AV$3) -> 0 | AW17: =SUMIFS(出库流水账!$E:$E,出库流水账!$C:$C,$B17,出库流水账!$B:$B,AV$3) -> 0 | AX17: =SUMIFS(入库流水账!$E:$E,入库流水账!$C:$C,$B17,入库流水账!$B:$B,AX$3) -> 0 | AY17: =SUMIFS(出库流水账!$E:$E,出库流水账!$C:$C,$B17,出库流水账!$B:$B,AX$3) -> 0 | AZ17: =SUMIFS(入库流水账!$E:$E,入库流水账!$C:$C,$B17,入库流水账!$B:$B,AZ$3) -> 0 | BA17: =SUMIFS(出库流水账!$E:$E,出库流水账!$C:$C,$B17,出库流水账!$B:$B,AZ$3) -> 0 | BB17: =SUMIFS(入库流水账!$E:$E,入库流水账!$C:$C,$B17,入库流水账!$B:$B,BB$3) -> 0 | BC17: =SUMIFS(出库流水账!$E:$E,出库流水账!$C:$C,$B17,出库流水账!$B:$B,BB$3) -> 0 | BD17: =SUMIFS(入库流水账!$E:$E,入库流水账!$C:$C,$B17,入库流水账!$B:$B,BD$3) -> 0 | BE17: =SUMIFS(出库流水账!$E:$E,出库流水账!$C:$C,$B17,出库流水账!$B:$B,BD$3) -> 0 | BF17: =SUMIFS(入库流水账!$E:$E,入库流水账!$C:$C,$B17,入库流水账!$B:$B,BF$3) -> 0 | BG17: =SUMIFS(出库流水账!$E:$E,出库流水账!$C:$C,$B17,出库流水账!$B:$B,BF$3) -> 0 | BH17: =SUMIFS(入库流水账!$E:$E,入库流水账!$C:$C,$B17,入库流水账!$B:$B,BH$3) -> 0 | BI17: =SUMIFS(出库流水账!$E:$E,出库流水账!$C:$C,$B17,出库流水账!$B:$B,BH$3) -> 0 | BJ17: =SUMIFS(入库流水账!$E:$E,入库流水账!$C:$C,$B17,入库流水账!$B:$B,BJ$3) -> 0 | BK17: =SUMIFS(出库流水账!$E:$E,出库流水账!$C:$C,$B17,出库流水账!$B:$B,BJ$3) -> 0 | BL17: =SUMIFS(入库流水账!$E:$E,入库流水账!$C:$C,$B17,入库流水账!$B:$B,BL$3) -> 0 | BM17: =SUMIFS(出库流水账!$E:$E,出库流水账!$C:$C,$B17,出库流水账!$B:$B,BL$3) -> 0 | BN17: =SUMIFS(入库流水账!$E:$E,入库流水账!$C:$C,$B17,入库流水账!$B:$B,BN$3) -> 0 | BO17: =SUMIFS(出库流水账!$E:$E,出库流水账!$C:$C,$B17,出库流水账!$B:$B,BN$3) -> 0 | BP17: =SUMIFS(入库流水账!$E:$E,入库流水账!$C:$C,$B17,入库流水账!$B:$B,BP$3) -> 0 | BQ17: =SUMIFS(出库流水账!$E:$E,出库流水账!$C:$C,$B17,出库流水账!$B:$B,BP$3) -> 0
A18: =ROW()-4 -> 14 | B18: 李锦记锦珍鲜味蚝油 | C18: =IFERROR(VLOOKUP(B18,产品数据!$B:$D,3,FALSE),"") -> 瓶 | D18: 8 | E18: =SUMIF($H$4:$BQ$4,$E$2,H18:BQ18) -> 12 | F18: =SUMIF($H$4:$BQ$4,$F$2,H18:BQ18) -> 20 | G18: =D18+E18-F18 -> 0 | H18: =SUMIFS(入库流水账!$E:$E,入库流水账!$C:$C,$B18,入库流水账!$B:$B,H$3) -> 0 | I18: =SUMIFS(出库流水账!$E:$E,出库流水账!$C:$C,$B18,出库流水账!$B:$B,H$3) -> 0 | J18: =SUMIFS(入库流水账!$E:$E,入库流水账!$C:$C,$B18,入库流水账!$B:$B,J$3) -> 0 | K18: =SUMIFS(出库流水账!$E:$E,出库流水账!$C:$C,$B18,出库流水账!$B:$B,J$3) -> 0 | L18: =SUMIFS(入库流水账!$E:$E,入库流水账!$C:$C,$B18,入库流水账!$B:$B,L$3) -> 0 | M18: =SUMIFS(出库流水账!$E:$E,出库流水账!$C:$C,$B18,出库流水账!$B:$B,L$3) -> 0 | N18: =SUMIFS(入库流水账!$E:$E,入库流水账!$C:$C,$B18,入库流水账!$B:$B,N$3) -> 0 | O18: =SUMIFS(出库流水账!$E:$E,出库流水账!$C:$C,$B18,出库流水账!$B:$B,N$3) -> 1 | P18: =SUMIFS(入库流水账!$E:$E,入库流水账!$C:$C,$B18,入库流水账!$B:$B,P$3) -> 0 | Q18: =SUMIFS(出库流水账!$E:$E,出库流水账!$C:$C,$B18,出库流水账!$B:$B,P$3) -> 0 | R18: =SUMIFS(入库流水账!$E:$E,入库流水账!$C:$C,$B18,入库流水账!$B:$B,R$3) -> 0 | S18: =SUMIFS(出库流水账!$E:$E,出库流水账!$C:$C,$B18,出库流水账!$B:$B,R$3) -> 1 | T18: =SUMIFS(入库流水账!$E:$E,入库流水账!$C:$C,$B18,入库流水账!$B:$B,T$3) -> 0 | U18: =SUMIFS(出库流水账!$E:$E,出库流水账!$C:$C,$B18,出库流水账!$B:$B,T$3) -> 1 | V18: =SUMIFS(入库流水账!$E:$E,入库流水账!$C:$C,$B18,入库流水账!$B:$B,V$3) -> 0 | W18: =SUMIFS(出库流水账!$E:$E,出库流水账!$C:$C,$B18,出库流水账!$B:$B,V$3) -> 1 | X18: =SUMIFS(入库流水账!$E:$E,入库流水账!$C:$C,$B18,入库流水账!$B:$B,X$3) -> 0 | Y18: =SUMIFS(出库流水账!$E:$E,出库流水账!$C:$C,$B18,出库流水账!$B:$B,X$3) -> 1 | Z18: =SUMIFS(入库流水账!$E:$E,入库流水账!$C:$C,$B18,入库流水账!$B:$B,Z$3) -> 0 | AA18: =SUMIFS(出库流水账!$E:$E,出库流水账!$C:$C,$B18,出库流水账!$B:$B,Z$3) -> 0 | AB18: =SUMIFS(入库流水账!$E:$E,入库流水账!$C:$C,$B18,入库流水账!$B:$B,AB$3) -> 0 | AC18: =SUMIFS(出库流水账!$E:$E,出库流水账!$C:$C,$B18,出库流水账!$B:$B,AB$3) -> 0 | AD18: =SUMIFS(入库流水账!$E:$E,入库流水账!$C:$C,$B18,入库流水账!$B:$B,AD$3) -> 12 | AE18: =SUMIFS(出库流水账!$E:$E,出库流水账!$C:$C,$B18,出库流水账!$B:$B,AD$3) -> 2 | AF18: =SUMIFS(入库流水账!$E:$E,入库流水账!$C:$C,$B18,入库流水账!$B:$B,AF$3) -> 0 | AG18: =SUMIFS(出库流水账!$E:$E,出库流水账!$C:$C,$B18,出库流水账!$B:$B,AF$3) -> 0 | AH18: =SUMIFS(入库流水账!$E:$E,入库流水账!$C:$C,$B18,入库流水账!$B:$B,AH$3) -> 0 | AI18: =SUMIFS(出库流水账!$E:$E,出库流水账!$C:$C,$B18,出库流水账!$B:$B,AH$3) -> 1 | AJ18: =SUMIFS(入库流水账!$E:$E,入库流水账!$C:$C,$B18,入库流水账!$B:$B,AJ$3) -> 0 | AK18: =SUMIFS(出库流水账!$E:$E,出库流水账!$C:$C,$B18,出库流水账!$B:$B,AJ$3) -> 1 | AL18: =SUMIFS(入库流水账!$E:$E,入库流水账!$C:$C,$B18,入库流水账!$B:$B,AL$3) -> 0 | AM18: =SUMIFS(出库流水账!$E:$E,出库流水账!$C:$C,$B18,出库流水账!$B:$B,AL$3) -> 1 | AN18: =SUMIFS(入库流水账!$E:$E,入库流水账!$C:$C,$B18,入库流水账!$B:$B,AN$3) -> 0 | AO18: =SUMIFS(出库流水账!$E:$E,出库流水账!$C:$C,$B18,出库流水账!$B:$B,AN$3) -> 0 | AP18: =SUMIFS(入库流水账!$E:$E,入库流水账!$C:$C,$B18,入库流水账!$B:$B,AP$3) -> 0 | AQ18: =SUMIFS(出库流水账!$E:$E,出库流水账!$C:$C,$B18,出库流水账!$B:$B,AP$3) -> 0 | AR18: =SUMIFS(入库流水账!$E:$E,入库流水账!$C:$C,$B18,入库流水账!$B:$B,AR$3) -> 0 | AS18: =SUMIFS(出库流水账!$E:$E,出库流水账!$C:$C,$B18,出库流水账!$B:$B,AR$3) -> 0 | AT18: =SUMIFS(入库流水账!$E:$E,入库流水账!$C:$C,$B18,入库流水账!$B:$B,AT$3) -> 0 | AU18: =SUMIFS(出库流水账!$E:$E,出库流水账!$C:$C,$B18,出库流水账!$B:$B,AT$3) -> 1 | AV18: =SUMIFS(入库流水账!$E:$E,入库流水账!$C:$C,$B18,入库流水账!$B:$B,AV$3) -> 0 | AW18: =SUMIFS(出库流水账!$E:$E,出库流水账!$C:$C,$B18,出库流水账!$B:$B,AV$3) -> 1 | AX18: =SUMIFS(入库流水账!$E:$E,入库流水账!$C:$C,$B18,入库流水账!$B:$B,AX$3) -> 0 | AY18: =SUMIFS(出库流水账!$E:$E,出库流水账!$C:$C,$B18,出库流水账!$B:$B,AX$3) -> 1 | AZ18: =SUMIFS(入库流水账!$E:$E,入库流水账!$C:$C,$B18,入库流水账!$B:$B,AZ$3) -> 0 | BA18: =SUMIFS(出库流水账!$E:$E,出库流水账!$C:$C,$B18,出库流水账!$B:$B,AZ$3) -> 1 | BB18: =SUMIFS(入库流水账!$E:$E,入库流水账!$C:$C,$B18,入库流水账!$B:$B,BB$3) -> 0 | BC18: =SUMIFS(出库流水账!$E:$E,出库流水账!$C:$C,$B18,出库流水账!$B:$B,BB$3) -> 0 | BD18: =SUMIFS(入库流水账!$E:$E,入库流水账!$C:$C,$B18,入库流水账!$B:$B,BD$3) -> 0 | BE18: =SUMIFS(出库流水账!$E:$E,出库流水账!$C:$C,$B18,出库流水账!$B:$B,BD$3) -> 0 | BF18: =SUMIFS(入库流水账!$E:$E,入库流水账!$C:$C,$B18,入库流水账!$B:$B,BF$3) -> 0 | BG18: =SUMIFS(出库流水账!$E:$E,出库流水账!$C:$C,$B18,出库流水账!$B:$B,BF$3) -> 2 | BH18: =SUMIFS(入库流水账!$E:$E,入库流水账!$C:$C,$B18,入库流水账!$B:$B,BH$3) -> 0 | BI18: =SUMIFS(出库流水账!$E:$E,出库流水账!$C:$C,$B18,出库流水账!$B:$B,BH$3) -> 1 | BJ18: =SUMIFS(入库流水账!$E:$E,入库流水账!$C:$C,$B18,入库流水账!$B:$B,BJ$3) -> 0 | BK18: =SUMIFS(出库流水账!$E:$E,出库流水账!$C:$C,$B18,出库流水账!$B:$B,BJ$3) -> 1 | BL18: =SUMIFS(入库流水账!$E:$E,入库流水账!$C:$C,$B18,入库流水账!$B:$B,BL$3) -> 0 | BM18: =SUMIFS(出库流水账!$E:$E,出库流水账!$C:$C,$B18,出库流水账!$B:$B,BL$3) -> 1 | BN18: =SUMIFS(入库流水账!$E:$E,入库流水账!$C:$C,$B18,入库流水账!$B:$B,BN$3) -> 0 | BO18: =SUMIFS(出库流水账!$E:$E,出库流水账!$C:$C,$B18,出库流水账!$B:$B,BN$3) -> 1 | BP18: =SUMIFS(入库流水账!$E:$E,入库流水账!$C:$C,$B18,入库流水账!$B:$B,BP$3) -> 0 | BQ18: =SUMIFS(出库流水账!$E:$E,出库流水账!$C:$C,$B18,出库流水账!$B:$B,BP$3) -> 0
A19: =ROW()-4 -> 15 | B19: 大桶料酒 | C19: =IFERROR(VLOOKUP(B19,产品数据!$B:$D,3,FALSE),"") -> 桶 | D19: 6 | E19: =SUMIF($H$4:$BQ$4,$E$2,H19:BQ19) -> 18 | F19: =SUMIF($H$4:$BQ$4,$F$2,H19:BQ19) -> 22 | G19: =D19+E19-F19 -> 2 | H19: =SUMIFS(入库流水账!$E:$E,入库流水账!$C:$C,$B19,入库流水账!$B:$B,H$3) -> 0 | I19: =SUMIFS(出库流水账!$E:$E,出库流水账!$C:$C,$B19,出库流水账!$B:$B,H$3) -> 0 | J19: =SUMIFS(入库流水账!$E:$E,入库流水账!$C:$C,$B19,入库流水账!$B:$B,J$3) -> 0 | K19: =SUMIFS(出库流水账!$E:$E,出库流水账!$C:$C,$B19,出库流水账!$B:$B,J$3) -> 0 | L19: =SUMIFS(入库流水账!$E:$E,入库流水账!$C:$C,$B19,入库流水账!$B:$B,L$3) -> 0 | M19: =SUMIFS(出库流水账!$E:$E,出库流水账!$C:$C,$B19,出库流水账!$B:$B,L$3) -> 0 | N19: =SUMIFS(入库流水账!$E:$E,入库流水账!$C:$C,$B19,入库流水账!$B:$B,N$3) -> 0 | O19: =SUMIFS(出库流水账!$E:$E,出库流水账!$C:$C,$B19,出库流水账!$B:$B,N$3) -> 0 | P19: =SUMIFS(入库流水账!$E:$E,入库流水账!$C:$C,$B19,入库流水账!$B:$B,P$3) -> 0 | Q19: =SUMIFS(出库流水账!$E:$E,出库流水账!$C:$C,$B19,出库流水账!$B:$B,P$3) -> 0 | R19: =SUMIFS(入库流水账!$E:$E,入库流水账!$C:$C,$B19,入库流水账!$B:$B,R$3) -> 0 | S19: =SUMIFS(出库流水账!$E:$E,出库流水账!$C:$C,$B19,出库流水账!$B:$B,R$3) -> 1 | T19: =SUMIFS(入库流水账!$E:$E,入库流水账!$C:$C,$B19,入库流水账!$B:$B,T$3) -> 0 | U19: =SUMIFS(出库流水账!$E:$E,出库流水账!$C:$C,$B19,出库流水账!$B:$B,T$3) -> 1 | V19: =SUMIFS(入库流水账!$E:$E,入库流水账!$C:$C,$B19,入库流水账!$B:$B,V$3) -> 0 | W19: =SUMIFS(出库流水账!$E:$E,出库流水账!$C:$C,$B19,出库流水账!$B:$B,V$3) -> 1 | X19: =SUMIFS(入库流水账!$E:$E,入库流水账!$C:$C,$B19,入库流水账!$B:$B,X$3) -> 0 | Y19: =SUMIFS(出库流水账!$E:$E,出库流水账!$C:$C,$B19,出库流水账!$B:$B,X$3) -> 2 | Z19: =SUMIFS(入库流水账!$E:$E,入库流水账!$C:$C,$B19,入库流水账!$B:$B,Z$3) -> 0 | AA19: =SUMIFS(出库流水账!$E:$E,出库流水账!$C:$C,$B19,出库流水账!$B:$B,Z$3) -> 0 | AB19: =SUMIFS(入库流水账!$E:$E,入库流水账!$C:$C,$B19,入库流水账!$B:$B,AB$3) -> 0 | AC19: =SUMIFS(出库流水账!$E:$E,出库流水账!$C:$C,$B19,出库流水账!$B:$B,AB$3) -> 0 | AD19: =SUMIFS(入库流水账!$E:$E,入库流水账!$C:$C,$B19,入库流水账!$B:$B,AD$3) -> 6 | AE19: =SUMIFS(出库流水账!$E:$E,出库流水账!$C:$C,$B19,出库流水账!$B:$B,AD$3) -> 1 | AF19: =SUMIFS(入库流水账!$E:$E,入库流水账!$C:$C,$B19,入库流水账!$B:$B,AF$3) -> 0 | AG19: =SUMIFS(出库流水账!$E:$E,出库流水账!$C:$C,$B19,出库流水账!$B:$B,AF$3) -> 0 | AH19: =SUMIFS(入库流水账!$E:$E,入库流水账!$C:$C,$B19,入库流水账!$B:$B,AH$3) -> 0 | AI19: =SUMIFS(出库流水账!$E:$E,出库流水账!$C:$C,$B19,出库流水账!$B:$B,AH$3) -> 0 | AJ19: =SUMIFS(入库流水账!$E:$E,入库流水账!$C:$C,$B19,入库流水账!$B:$B,AJ$3) -> 0 | AK19: =SUMIFS(出库流水账!$E:$E,出库流水账!$C:$C,$B19,出库流水账!$B:$B,AJ$3) -> 1 | AL19: =SUMIFS(入库流水账!$E:$E,入库流水账!$C:$C,$B19,入库流水账!$B:$B,AL$3) -> 0 | AM19: =SUMIFS(出库流水账!$E:$E,出库流水账!$C:$C,$B19,出库流水账!$B:$B,AL$3) -> 2 | AN19: =SUMIFS(入库流水账!$E:$E,入库流水账!$C:$C,$B19,入库流水账!$B:$B,AN$3) -> 0 | AO19: =SUMIFS(出库流水账!$E:$E,出库流水账!$C:$C,$B19,出库流水账!$B:$B,AN$3) -> 0 | AP19: =SUMIFS(入库流水账!$E:$E,入库流水账!$C:$C,$B19,入库流水账!$B:$B,AP$3) -> 0 | AQ19: =SUMIFS(出库流水账!$E:$E,出库流水账!$C:$C,$B19,出库流水账!$B:$B,AP$3) -> 0 | AR19: =SUMIFS(入库流水账!$E:$E,入库流水账!$C:$C,$B19,入库流水账!$B:$B,AR$3) -> 0 | AS19: =SUMIFS(出库流水账!$E:$E,出库流水账!$C:$C,$B19,出库流水账!$B:$B,AR$3) -> 2 | AT19: =SUMIFS(入库流水账!$E:$E,入库流水账!$C:$C,$B19,入库流水账!$B:$B,AT$3) -> 12 | AU19: =SUMIFS(出库流水账!$E:$E,出库流水账!$C:$C,$B19,出库流水账!$B:$B,AT$3) -> 0 | AV19: =SUMIFS(入库流水账!$E:$E,入库流水账!$C:$C,$B19,入库流水账!$B:$B,AV$3) -> 0 | AW19: =SUMIFS(出库流水账!$E:$E,出库流水账!$C:$C,$B19,出库流水账!$B:$B,AV$3) -> 1 | AX19: =SUMIFS(入库流水账!$E:$E,入库流水账!$C:$C,$B19,入库流水账!$B:$B,AX$3) -> 0 | AY19: =SUMIFS(出库流水账!$E:$E,出库流水账!$C:$C,$B19,出库流水账!$B:$B,AX$3) -> 1 | AZ19: =SUMIFS(入库流水账!$E:$E,入库流水账!$C:$C,$B19,入库流水账!$B:$B,AZ$3) -> 0 | BA19: =SUMIFS(出库流水账!$E:$E,出库流水账!$C:$C,$B19,出库流水账!$B:$B,AZ$3) -> 2 | BB19: =SUMIFS(入库流水账!$E:$E,入库流水账!$C:$C,$B19,入库流水账!$B:$B,BB$3) -> 0 | BC19: =SUMIFS(出库流水账!$E:$E,出库流水账!$C:$C,$B19,出库流水账!$B:$B,BB$3) -> 0 | BD19: =SUMIFS(入库流水账!$E:$E,入库流水账!$C:$C,$B19,入库流水账!$B:$B,BD$3) -> 0 | BE19: =SUMIFS(出库流水账!$E:$E,出库流水账!$C:$C,$B19,出库流水账!$B:$B,BD$3) -> 0 | BF19: =SUMIFS(入库流水账!$E:$E,入库流水账!$C:$C,$B19,入库流水账!$B:$B,BF$3) -> 0 | BG19: =SUMIFS(出库流水账!$E:$E,出库流水账!$C:$C,$B19,出库流水账!$B:$B,BF$3) -> 2 | BH19: =SUMIFS(入库流水账!$E:$E,入库流水账!$C:$C,$B19,入库流水账!$B:$B,BH$3) -> 0 | BI19: =SUMIFS(出库流水账!$E:$E,出库流水账!$C:$C,$B19,出库流水账!$B:$B,BH$3) -> 1 | BJ19: =SUMIFS(入库流水账!$E:$E,入库流水账!$C:$C,$B19,入库流水账!$B:$B,BJ$3) -> 0 | BK19: =SUMIFS(出库流水账!$E:$E,出库流水账!$C:$C,$B19,出库流水账!$B:$B,BJ$3) -> 1 | BL19: =SUMIFS(入库流水账!$E:$E,入库流水账!$C:$C,$B19,入库流水账!$B:$B,BL$3) -> 0 | BM19: =SUMIFS(出库流水账!$E:$E,出库流水账!$C:$C,$B19,出库流水账!$B:$B,BL$3) -> 1 | BN19: =SUMIFS(入库流水账!$E:$E,入库流水账!$C:$C,$B19,入库流水账!$B:$B,BN$3) -> 0 | BO19: =SUMIFS(出库流水账!$E:$E,出库流水账!$C:$C,$B19,出库流水账!$B:$B,BN$3) -> 2 | BP19: =SUMIFS(入库流水账!$E:$E,入库流水账!$C:$C,$B19,入库流水账!$B:$B,BP$3) -> 0 | BQ19: =SUMIFS(出库流水账!$E:$E,出库流水账!$C:$C,$B19,出库流水账!$B:$B,BP$3) -> 0
A20: =ROW()-4 -> 16 | B20: 家乐浓缩鸡汁 | C20: =IFERROR(VLOOKUP(B20,产品数据!$B:$D,3,FALSE),"") -> 瓶 | D20: 3 | E20: =SUMIF($H$4:$BQ$4,$E$2,H20:BQ20) -> 24 | F20: =SUMIF($H$4:$BQ$4,$F$2,H20:BQ20) -> 25 | G20: =D20+E20-F20 -> 2 | H20: =SUMIFS(入库流水账!$E:$E,入库流水账!$C:$C,$B20,入库流水账!$B:$B,H$3) -> 0 | I20: =SUMIFS(出库流水账!$E:$E,出库流水账!$C:$C,$B20,出库流水账!$B:$B,H$3) -> 0 | J20: =SUMIFS(入库流水账!$E:$E,入库流水账!$C:$C,$B20,入库流水账!$B:$B,J$3) -> 0 | K20: =SUMIFS(出库流水账!$E:$E,出库流水账!$C:$C,$B20,出库流水账!$B:$B,J$3) -> 0 | L20: =SUMIFS(入库流水账!$E:$E,入库流水账!$C:$C,$B20,入库流水账!$B:$B,L$3) -> 0 | M20: =SUMIFS(出库流水账!$E:$E,出库流水账!$C:$C,$B20,出库流水账!$B:$B,L$3) -> 0 | N20: =SUMIFS(入库流水账!$E:$E,入库流水账!$C:$C,$B20,入库流水账!$B:$B,N$3) -> 0 | O20: =SUMIFS(出库流水账!$E:$E,出库流水账!$C:$C,$B20,出库流水账!$B:$B,N$3) -> 1 | P20: =SUMIFS(入库流水账!$E:$E,入库流水账!$C:$C,$B20,入库流水账!$B:$B,P$3) -> 0 | Q20: =SUMIFS(出库流水账!$E:$E,出库流水账!$C:$C,$B20,出库流水账!$B:$B,P$3) -> 0 | R20: =SUMIFS(入库流水账!$E:$E,入库流水账!$C:$C,$B20,入库流水账!$B:$B,R$3) -> 0 | S20: =SUMIFS(出库流水账!$E:$E,出库流水账!$C:$C,$B20,出库流水账!$B:$B,R$3) -> 1 | T20: =SUMIFS(入库流水账!$E:$E,入库流水账!$C:$C,$B20,入库流水账!$B:$B,T$3) -> 12 | U20: =SUMIFS(出库流水账!$E:$E,出库流水账!$C:$C,$B20,出库流水账!$B:$B,T$3) -> 1 | V20: =SUMIFS(入库流水账!$E:$E,入库流水账!$C:$C,$B20,入库流水账!$B:$B,V$3) -> 0 | W20: =SUMIFS(出库流水账!$E:$E,出库流水账!$C:$C,$B20,出库流水账!$B:$B,V$3) -> 1 | X20: =SUMIFS(入库流水账!$E:$E,入库流水账!$C:$C,$B20,入库流水账!$B:$B,X$3) -> 0 | Y20: =SUMIFS(出库流水账!$E:$E,出库流水账!$C:$C,$B20,出库流水账!$B:$B,X$3) -> 1 | Z20: =SUMIFS(入库流水账!$E:$E,入库流水账!$C:$C,$B20,入库流水账!$B:$B,Z$3) -> 0 | AA20: =SUMIFS(出库流水账!$E:$E,出库流水账!$C:$C,$B20,出库流水账!$B:$B,Z$3) -> 0 | AB20: =SUMIFS(入库流水账!$E:$E,入库流水账!$C:$C,$B20,入库流水账!$B:$B,AB$3) -> 0 | AC20: =SUMIFS(出库流水账!$E:$E,出库流水账!$C:$C,$B20,出库流水账!$B:$B,AB$3) -> 0 | AD20: =SUMIFS(入库流水账!$E:$E,入库流水账!$C:$C,$B20,入库流水账!$B:$B,AD$3) -> 0 | AE20: =SUMIFS(出库流水账!$E:$E,出库流水账!$C:$C,$B20,出库流水账!$B:$B,AD$3) -> 2 | AF20: =SUMIFS(入库流水账!$E:$E,入库流水账!$C:$C,$B20,入库流水账!$B:$B,AF$3) -> 0 | AG20: =SUMIFS(出库流水账!$E:$E,出库流水账!$C:$C,$B20,出库流水账!$B:$B,AF$3) -> 0 | AH20: =SUMIFS(入库流水账!$E:$E,入库流水账!$C:$C,$B20,入库流水账!$B:$B,AH$3) -> 0 | AI20: =SUMIFS(出库流水账!$E:$E,出库流水账!$C:$C,$B20,出库流水账!$B:$B,AH$3) -> 1 | AJ20: =SUMIFS(入库流水账!$E:$E,入库流水账!$C:$C,$B20,入库流水账!$B:$B,AJ$3) -> 0 | AK20: =SUMIFS(出库流水账!$E:$E,出库流水账!$C:$C,$B20,出库流水账!$B:$B,AJ$3) -> 1 | AL20: =SUMIFS(入库流水账!$E:$E,入库流水账!$C:$C,$B20,入库流水账!$B:$B,AL$3) -> 0 | AM20: =SUMIFS(出库流水账!$E:$E,出库流水账!$C:$C,$B20,出库流水账!$B:$B,AL$3) -> 2 | AN20: =SUMIFS(入库流水账!$E:$E,入库流水账!$C:$C,$B20,入库流水账!$B:$B,AN$3) -> 0 | AO20: =SUMIFS(出库流水账!$E:$E,出库流水账!$C:$C,$B20,出库流水账!$B:$B,AN$3) -> 0 | AP20: =SUMIFS(入库流水账!$E:$E,入库流水账!$C:$C,$B20,入库流水账!$B:$B,AP$3) -> 0 | AQ20: =SUMIFS(出库流水账!$E:$E,出库流水账!$C:$C,$B20,出库流水账!$B:$B,AP$3) -> 0 | AR20: =SUMIFS(入库流水账!$E:$E,入库流水账!$C:$C,$B20,入库流水账!$B:$B,AR$3) -> 0 | AS20: =SUMIFS(出库流水账!$E:$E,出库流水账!$C:$C,$B20,出库流水账!$B:$B,AR$3) -> 1 | AT20: =SUMIFS(入库流水账!$E:$E,入库流水账!$C:$C,$B20,入库流水账!$B:$B,AT$3) -> 12 | AU20: =SUMIFS(出库流水账!$E:$E,出库流水账!$C:$C,$B20,出库流水账!$B:$B,AT$3) -> 2 | AV20: =SUMIFS(入库流水账!$E:$E,入库流水账!$C:$C,$B20,入库流水账!$B:$B,AV$3) -> 0 | AW20: =SUMIFS(出库流水账!$E:$E,出库流水账!$C:$C,$B20,出库流水账!$B:$B,AV$3) -> 2 | AX20: =SUMIFS(入库流水账!$E:$E,入库流水账!$C:$C,$B20,入库流水账!$B:$B,AX$3) -> 0 | AY20: =SUMIFS(出库流水账!$E:$E,出库流水账!$C:$C,$B20,出库流水账!$B:$B,AX$3) -> 1 | AZ20: =SUMIFS(入库流水账!$E:$E,入库流水账!$C:$C,$B20,入库流水账!$B:$B,AZ$3) -> 0 | BA20: =SUMIFS(出库流水账!$E:$E,出库流水账!$C:$C,$B20,出库流水账!$B:$B,AZ$3) -> 1 | BB20: =SUMIFS(入库流水账!$E:$E,入库流水账!$C:$C,$B20,入库流水账!$B:$B,BB$3) -> 0 | BC20: =SUMIFS(出库流水账!$E:$E,出库流水账!$C:$C,$B20,出库流水账!$B:$B,BB$3) -> 0 | BD20: =SUMIFS(入库流水账!$E:$E,入库流水账!$C:$C,$B20,入库流水账!$B:$B,BD$3) -> 0 | BE20: =SUMIFS(出库流水账!$E:$E,出库流水账!$C:$C,$B20,出库流水账!$B:$B,BD$3) -> 0 | BF20: =SUMIFS(入库流水账!$E:$E,入库流水账!$C:$C,$B20,入库流水账!$B:$B,BF$3) -> 0 | BG20: =SUMIFS(出库流水账!$E:$E,出库流水账!$C:$C,$B20,出库流水账!$B:$B,BF$3) -> 2 | BH20: =SUMIFS(入库流水账!$E:$E,入库流水账!$C:$C,$B20,入库流水账!$B:$B,BH$3) -> 0 | BI20: =SUMIFS(出库流水账!$E:$E,出库流水账!$C:$C,$B20,出库流水账!$B:$B,BH$3) -> 1 | BJ20: =SUMIFS(入库流水账!$E:$E,入库流水账!$C:$C,$B20,入库流水账!$B:$B,BJ$3) -> 0 | BK20: =SUMIFS(出库流水账!$E:$E,出库流水账!$C:$C,$B20,出库流水账!$B:$B,BJ$3) -> 1 | BL20: =SUMIFS(入库流水账!$E:$E,入库流水账!$C:$C,$B20,入库流水账!$B:$B,BL$3) -> 0 | BM20: =SUMIFS(出库流水账!$E:$E,出库流水账!$C:$C,$B20,出库流水账!$B:$B,BL$3) -> 1 | BN20: =SUMIFS(入库流水账!$E:$E,入库流水账!$C:$C,$B20,入库流水账!$B:$B,BN$3) -> 0 | BO20: =SUMIFS(出库流水账!$E:$E,出库流水账!$C:$C,$B20,出库流水账!$B:$B,BN$3) -> 2 | BP20: =SUMIFS(入库流水账!$E:$E,入库流水账!$C:$C,$B20,入库流水账!$B:$B,BP$3) -> 0 | BQ20: =SUMIFS(出库流水账!$E:$E,出库流水账!$C:$C,$B20,出库流水账!$B:$B,BP$3) -> 0
A21: =ROW()-4 -> 17 | B21: 湖羊黄豆酱油 | C21: =IFERROR(VLOOKUP(B21,产品数据!$B:$D,3,FALSE),"") -> 瓶 | D21: 2 | E21: =SUMIF($H$4:$BQ$4,$E$2,H21:BQ21) -> 12 | F21: =SUMIF($H$4:$BQ$4,$F$2,H21:BQ21) -> 2 | G21: =D21+E21-F21 -> 12 | H21: =SUMIFS(入库流水账!$E:$E,入库流水账!$C:$C,$B21,入库流水账!$B:$B,H$3) -> 0 | I21: =SUMIFS(出库流水账!$E:$E,出库流水账!$C:$C,$B21,出库流水账!$B:$B,H$3) -> 0 | J21: =SUMIFS(入库流水账!$E:$E,入库流水账!$C:$C,$B21,入库流水账!$B:$B,J$3) -> 0 | K21: =SUMIFS(出库流水账!$E:$E,出库流水账!$C:$C,$B21,出库流水账!$B:$B,J$3) -> 0 | L21: =SUMIFS(入库流水账!$E:$E,入库流水账!$C:$C,$B21,入库流水账!$B:$B,L$3) -> 0 | M21: =SUMIFS(出库流水账!$E:$E,出库流水账!$C:$C,$B21,出库流水账!$B:$B,L$3) -> 0 | N21: =SUMIFS(入库流水账!$E:$E,入库流水账!$C:$C,$B21,入库流水账!$B:$B,N$3) -> 12 | O21: =SUMIFS(出库流水账!$E:$E,出库流水账!$C:$C,$B21,出库流水账!$B:$B,N$3) -> 0 | P21: =SUMIFS(入库流水账!$E:$E,入库流水账!$C:$C,$B21,入库流水账!$B:$B,P$3) -> 0 | Q21: =SUMIFS(出库流水账!$E:$E,出库流水账!$C:$C,$B21,出库流水账!$B:$B,P$3) -> 0 | R21: =SUMIFS(入库流水账!$E:$E,入库流水账!$C:$C,$B21,入库流水账!$B:$B,R$3) -> 0 | S21: =SUMIFS(出库流水账!$E:$E,出库流水账!$C:$C,$B21,出库流水账!$B:$B,R$3) -> 0 | T21: =SUMIFS(入库流水账!$E:$E,入库流水账!$C:$C,$B21,入库流水账!$B:$B,T$3) -> 0 | U21: =SUMIFS(出库流水账!$E:$E,出库流水账!$C:$C,$B21,出库流水账!$B:$B,T$3) -> 0 | V21: =SUMIFS(入库流水账!$E:$E,入库流水账!$C:$C,$B21,入库流水账!$B:$B,V$3) -> 0 | W21: =SUMIFS(出库流水账!$E:$E,出库流水账!$C:$C,$B21,出库流水账!$B:$B,V$3) -> 0 | X21: =SUMIFS(入库流水账!$E:$E,入库流水账!$C:$C,$B21,入库流水账!$B:$B,X$3) -> 0 | Y21: =SUMIFS(出库流水账!$E:$E,出库流水账!$C:$C,$B21,出库流水账!$B:$B,X$3) -> 0 | Z21: =SUMIFS(入库流水账!$E:$E,入库流水账!$C:$C,$B21,入库流水账!$B:$B,Z$3) -> 0 | AA21: =SUMIFS(出库流水账!$E:$E,出库流水账!$C:$C,$B21,出库流水账!$B:$B,Z$3) -> 0 | AB21: =SUMIFS(入库流水账!$E:$E,入库流水账!$C:$C,$B21,入库流水账!$B:$B,AB$3) -> 0 | AC21: =SUMIFS(出库流水账!$E:$E,出库流水账!$C:$C,$B21,出库流水账!$B:$B,AB$3) -> 0 | AD21: =SUMIFS(入库流水账!$E:$E,入库流水账!$C:$C,$B21,入库流水账!$B:$B,AD$3) -> 0 | AE21: =SUMIFS(出库流水账!$E:$E,出库流水账!$C:$C,$B21,出库流水账!$B:$B,AD$3) -> 1 | AF21: =SUMIFS(入库流水账!$E:$E,入库流水账!$C:$C,$B21,入库流水账!$B:$B,AF$3) -> 0 | AG21: =SUMIFS(出库流水账!$E:$E,出库流水账!$C:$C,$B21,出库流水账!$B:$B,AF$3) -> 0 | AH21: =SUMIFS(入库流水账!$E:$E,入库流水账!$C:$C,$B21,入库流水账!$B:$B,AH$3) -> 0 | AI21: =SUMIFS(出库流水账!$E:$E,出库流水账!$C:$C,$B21,出库流水账!$B:$B,AH$3) -> 0 | AJ21: =SUMIFS(入库流水账!$E:$E,入库流水账!$C:$C,$B21,入库流水账!$B:$B,AJ$3) -> 0 | AK21: =SUMIFS(出库流水账!$E:$E,出库流水账!$C:$C,$B21,出库流水账!$B:$B,AJ$3) -> 0 | AL21: =SUMIFS(入库流水账!$E:$E,入库流水账!$C:$C,$B21,入库流水账!$B:$B,AL$3) -> 0 | AM21: =SUMIFS(出库流水账!$E:$E,出库流水账!$C:$C,$B21,出库流水账!$B:$B,AL$3) -> 0 | AN21: =SUMIFS(入库流水账!$E:$E,入库流水账!$C:$C,$B21,入库流水账!$B:$B,AN$3) -> 0 | AO21: =SUMIFS(出库流水账!$E:$E,出库流水账!$C:$C,$B21,出库流水账!$B:$B,AN$3) -> 0 | AP21: =SUMIFS(入库流水账!$E:$E,入库流水账!$C:$C,$B21,入库流水账!$B:$B,AP$3) -> 0 | AQ21: =SUMIFS(出库流水账!$E:$E,出库流水账!$C:$C,$B21,出库流水账!$B:$B,AP$3) -> 0 | AR21: =SUMIFS(入库流水账!$E:$E,入库流水账!$C:$C,$B21,入库流水账!$B:$B,AR$3) -> 0 | AS21: =SUMIFS(出库流水账!$E:$E,出库流水账!$C:$C,$B21,出库流水账!$B:$B,AR$3) -> 0 | AT21: =SUMIFS(入库流水账!$E:$E,入库流水账!$C:$C,$B21,入库流水账!$B:$B,AT$3) -> 0 | AU21: =SUMIFS(出库流水账!$E:$E,出库流水账!$C:$C,$B21,出库流水账!$B:$B,AT$3) -> 0 | AV21: =SUMIFS(入库流水账!$E:$E,入库流水账!$C:$C,$B21,入库流水账!$B:$B,AV$3) -> 0 | AW21: =SUMIFS(出库流水账!$E:$E,出库流水账!$C:$C,$B21,出库流水账!$B:$B,AV$3) -> 0 | AX21: =SUMIFS(入库流水账!$E:$E,入库流水账!$C:$C,$B21,入库流水账!$B:$B,AX$3) -> 0 | AY21: =SUMIFS(出库流水账!$E:$E,出库流水账!$C:$C,$B21,出库流水账!$B:$B,AX$3) -> 0 | AZ21: =SUMIFS(入库流水账!$E:$E,入库流水账!$C:$C,$B21,入库流水账!$B:$B,AZ$3) -> 0 | BA21: =SUMIFS(出库流水账!$E:$E,出库流水账!$C:$C,$B21,出库流水账!$B:$B,AZ$3) -> 0 | BB21: =SUMIFS(入库流水账!$E:$E,入库流水账!$C:$C,$B21,入库流水账!$B:$B,BB$3) -> 0 | BC21: =SUMIFS(出库流水账!$E:$E,出库流水账!$C:$C,$B21,出库流水账!$B:$B,BB$3) -> 0 | BD21: =SUMIFS(入库流水账!$E:$E,入库流水账!$C:$C,$B21,入库流水账!$B:$B,BD$3) -> 0 | BE21: =SUMIFS(出库流水账!$E:$E,出库流水账!$C:$C,$B21,出库流水账!$B:$B,BD$3) -> 0 | BF21: =SUMIFS(入库流水账!$E:$E,入库流水账!$C:$C,$B21,入库流水账!$B:$B,BF$3) -> 0 | BG21: =SUMIFS(出库流水账!$E:$E,出库流水账!$C:$C,$B21,出库流水账!$B:$B,BF$3) -> 1 | BH21: =SUMIFS(入库流水账!$E:$E,入库流水账!$C:$C,$B21,入库流水账!$B:$B,BH$3) -> 0 | BI21: =SUMIFS(出库流水账!$E:$E,出库流水账!$C:$C,$B21,出库流水账!$B:$B,BH$3) -> 0 | BJ21: =SUMIFS(入库流水账!$E:$E,入库流水账!$C:$C,$B21,入库流水账!$B:$B,BJ$3) -> 0 | BK21: =SUMIFS(出库流水账!$E:$E,出库流水账!$C:$C,$B21,出库流水账!$B:$B,BJ$3) -> 0 | BL21: =SUMIFS(入库流水账!$E:$E,入库流水账!$C:$C,$B21,入库流水账!$B:$B,BL$3) -> 0 | BM21: =SUMIFS(出库流水账!$E:$E,出库流水账!$C:$C,$B21,出库流水账!$B:$B,BL$3) -> 0 | BN21: =SUMIFS(入库流水账!$E:$E,入库流水账!$C:$C,$B21,入库流水账!$B:$B,BN$3) -> 0 | BO21: =SUMIFS(出库流水账!$E:$E,出库流水账!$C:$C,$B21,出库流水账!$B:$B,BN$3) -> 0 | BP21: =SUMIFS(入库流水账!$E:$E,入库流水账!$C:$C,$B21,入库流水账!$B:$B,BP$3) -> 0 | BQ21: =SUMIFS(出库流水账!$E:$E,出库流水账!$C:$C,$B21,出库流水账!$B:$B,BP$3) -> 0
A22: =ROW()-4 -> 18 | B22: 博鸿小菜榨菜丝 | C22: =IFERROR(VLOOKUP(B22,产品数据!$B:$D,3,FALSE),"") -> 包 | D22: 85 | E22: =SUMIF($H$4:$BQ$4,$E$2,H22:BQ22) -> 50 | F22: =SUMIF($H$4:$BQ$4,$F$2,H22:BQ22) -> 81 | G22: =D22+E22-F22 -> 54 | H22: =SUMIFS(入库流水账!$E:$E,入库流水账!$C:$C,$B22,入库流水账!$B:$B,H$3) -> 0 | I22: =SUMIFS(出库流水账!$E:$E,出库流水账!$C:$C,$B22,出库流水账!$B:$B,H$3) -> 0 | J22: =SUMIFS(入库流水账!$E:$E,入库流水账!$C:$C,$B22,入库流水账!$B:$B,J$3) -> 0 | K22: =SUMIFS(出库流水账!$E:$E,出库流水账!$C:$C,$B22,出库流水账!$B:$B,J$3) -> 0 | L22: =SUMIFS(入库流水账!$E:$E,入库流水账!$C:$C,$B22,入库流水账!$B:$B,L$3) -> 0 | M22: =SUMIFS(出库流水账!$E:$E,出库流水账!$C:$C,$B22,出库流水账!$B:$B,L$3) -> 0 | N22: =SUMIFS(入库流水账!$E:$E,入库流水账!$C:$C,$B22,入库流水账!$B:$B,N$3) -> 0 | O22: =SUMIFS(出库流水账!$E:$E,出库流水账!$C:$C,$B22,出库流水账!$B:$B,N$3) -> 16 | P22: =SUMIFS(入库流水账!$E:$E,入库流水账!$C:$C,$B22,入库流水账!$B:$B,P$3) -> 0 | Q22: =SUMIFS(出库流水账!$E:$E,出库流水账!$C:$C,$B22,出库流水账!$B:$B,P$3) -> 0 | R22: =SUMIFS(入库流水账!$E:$E,入库流水账!$C:$C,$B22,入库流水账!$B:$B,R$3) -> 0 | S22: =SUMIFS(出库流水账!$E:$E,出库流水账!$C:$C,$B22,出库流水账!$B:$B,R$3) -> 4 | T22: =SUMIFS(入库流水账!$E:$E,入库流水账!$C:$C,$B22,入库流水账!$B:$B,T$3) -> 0 | U22: =SUMIFS(出库流水账!$E:$E,出库流水账!$C:$C,$B22,出库流水账!$B:$B,T$3) -> 0 | V22: =SUMIFS(入库流水账!$E:$E,入库流水账!$C:$C,$B22,入库流水账!$B:$B,V$3) -> 0 | W22: =SUMIFS(出库流水账!$E:$E,出库流水账!$C:$C,$B22,出库流水账!$B:$B,V$3) -> 0 | X22: =SUMIFS(入库流水账!$E:$E,入库流水账!$C:$C,$B22,入库流水账!$B:$B,X$3) -> 0 | Y22: =SUMIFS(出库流水账!$E:$E,出库流水账!$C:$C,$B22,出库流水账!$B:$B,X$3) -> 11 | Z22: =SUMIFS(入库流水账!$E:$E,入库流水账!$C:$C,$B22,入库流水账!$B:$B,Z$3) -> 0 | AA22: =SUMIFS(出库流水账!$E:$E,出库流水账!$C:$C,$B22,出库流水账!$B:$B,Z$3) -> 0 | AB22: =SUMIFS(入库流水账!$E:$E,入库流水账!$C:$C,$B22,入库流水账!$B:$B,AB$3) -> 0 | AC22: =SUMIFS(出库流水账!$E:$E,出库流水账!$C:$C,$B22,出库流水账!$B:$B,AB$3) -> 0 | AD22: =SUMIFS(入库流水账!$E:$E,入库流水账!$C:$C,$B22,入库流水账!$B:$B,AD$3) -> 0 | AE22: =SUMIFS(出库流水账!$E:$E,出库流水账!$C:$C,$B22,出库流水账!$B:$B,AD$3) -> 0 | AF22: =SUMIFS(入库流水账!$E:$E,入库流水账!$C:$C,$B22,入库流水账!$B:$B,AF$3) -> 0 | AG22: =SUMIFS(出库流水账!$E:$E,出库流水账!$C:$C,$B22,出库流水账!$B:$B,AF$3) -> 0 | AH22: =SUMIFS(入库流水账!$E:$E,入库流水账!$C:$C,$B22,入库流水账!$B:$B,AH$3) -> 0 | AI22: =SUMIFS(出库流水账!$E:$E,出库流水账!$C:$C,$B22,出库流水账!$B:$B,AH$3) -> 4 | AJ22: =SUMIFS(入库流水账!$E:$E,入库流水账!$C:$C,$B22,入库流水账!$B:$B,AJ$3) -> 0 | AK22: =SUMIFS(出库流水账!$E:$E,出库流水账!$C:$C,$B22,出库流水账!$B:$B,AJ$3) -> 0 | AL22: =SUMIFS(入库流水账!$E:$E,入库流水账!$C:$C,$B22,入库流水账!$B:$B,AL$3) -> 0 | AM22: =SUMIFS(出库流水账!$E:$E,出库流水账!$C:$C,$B22,出库流水账!$B:$B,AL$3) -> 15 | AN22: =SUMIFS(入库流水账!$E:$E,入库流水账!$C:$C,$B22,入库流水账!$B:$B,AN$3) -> 0 | AO22: =SUMIFS(出库流水账!$E:$E,出库流水账!$C:$C,$B22,出库流水账!$B:$B,AN$3) -> 0 | AP22: =SUMIFS(入库流水账!$E:$E,入库流水账!$C:$C,$B22,入库流水账!$B:$B,AP$3) -> 0 | AQ22: =SUMIFS(出库流水账!$E:$E,出库流水账!$C:$C,$B22,出库流水账!$B:$B,AP$3) -> 0 | AR22: =SUMIFS(入库流水账!$E:$E,入库流水账!$C:$C,$B22,入库流水账!$B:$B,AR$3) -> 0 | AS22: =SUMIFS(出库流水账!$E:$E,出库流水账!$C:$C,$B22,出库流水账!$B:$B,AR$3) -> 5 | AT22: =SUMIFS(入库流水账!$E:$E,入库流水账!$C:$C,$B22,入库流水账!$B:$B,AT$3) -> 0 | AU22: =SUMIFS(出库流水账!$E:$E,出库流水账!$C:$C,$B22,出库流水账!$B:$B,AT$3) -> 7 | AV22: =SUMIFS(入库流水账!$E:$E,入库流水账!$C:$C,$B22,入库流水账!$B:$B,AV$3) -> 0 | AW22: =SUMIFS(出库流水账!$E:$E,出库流水账!$C:$C,$B22,出库流水账!$B:$B,AV$3) -> 0 | AX22: =SUMIFS(入库流水账!$E:$E,入库流水账!$C:$C,$B22,入库流水账!$B:$B,AX$3) -> 0 | AY22: =SUMIFS(出库流水账!$E:$E,出库流水账!$C:$C,$B22,出库流水账!$B:$B,AX$3) -> 0 | AZ22: =SUMIFS(入库流水账!$E:$E,入库流水账!$C:$C,$B22,入库流水账!$B:$B,AZ$3) -> 0 | BA22: =SUMIFS(出库流水账!$E:$E,出库流水账!$C:$C,$B22,出库流水账!$B:$B,AZ$3) -> 10 | BB22: =SUMIFS(入库流水账!$E:$E,入库流水账!$C:$C,$B22,入库流水账!$B:$B,BB$3) -> 0 | BC22: =SUMIFS(出库流水账!$E:$E,出库流水账!$C:$C,$B22,出库流水账!$B:$B,BB$3) -> 0 | BD22: =SUMIFS(入库流水账!$E:$E,入库流水账!$C:$C,$B22,入库流水账!$B:$B,BD$3) -> 0 | BE22: =SUMIFS(出库流水账!$E:$E,出库流水账!$C:$C,$B22,出库流水账!$B:$B,BD$3) -> 0 | BF22: =SUMIFS(入库流水账!$E:$E,入库流水账!$C:$C,$B22,入库流水账!$B:$B,BF$3) -> 0 | BG22: =SUMIFS(出库流水账!$E:$E,出库流水账!$C:$C,$B22,出库流水账!$B:$B,BF$3) -> 0 | BH22: =SUMIFS(入库流水账!$E:$E,入库流水账!$C:$C,$B22,入库流水账!$B:$B,BH$3) -> 0 | BI22: =SUMIFS(出库流水账!$E:$E,出库流水账!$C:$C,$B22,出库流水账!$B:$B,BH$3) -> 4 | BJ22: =SUMIFS(入库流水账!$E:$E,入库流水账!$C:$C,$B22,入库流水账!$B:$B,BJ$3) -> 0 | BK22: =SUMIFS(出库流水账!$E:$E,出库流水账!$C:$C,$B22,出库流水账!$B:$B,BJ$3) -> 0 | BL22: =SUMIFS(入库流水账!$E:$E,入库流水账!$C:$C,$B22,入库流水账!$B:$B,BL$3) -> 0 | BM22: =SUMIFS(出库流水账!$E:$E,出库流水账!$C:$C,$B22,出库流水账!$B:$B,BL$3) -> 5 | BN22: =SUMIFS(入库流水账!$E:$E,入库流水账!$C:$C,$B22,入库流水账!$B:$B,BN$3) -> 50 | BO22: =SUMIFS(出库流水账!$E:$E,出库流水账!$C:$C,$B22,出库流水账!$B:$B,BN$3) -> 0 | BP22: =SUMIFS(入库流水账!$E:$E,入库流水账!$C:$C,$B22,入库流水账!$B:$B,BP$3) -> 0 | BQ22: =SUMIFS(出库流水账!$E:$E,出库流水账!$C:$C,$B22,出库流水账!$B:$B,BP$3) -> 0
A23: =ROW()-4 -> 19 | B23: 太太乐味精 | C23: =IFERROR(VLOOKUP(B23,产品数据!$B:$D,3,FALSE),"") -> 包 | D23: 17 | E23: =SUMIF($H$4:$BQ$4,$E$2,H23:BQ23) -> 50 | F23: =SUMIF($H$4:$BQ$4,$F$2,H23:BQ23) -> 47 | G23: =D23+E23-F23 -> 20 | H23: =SUMIFS(入库流水账!$E:$E,入库流水账!$C:$C,$B23,入库流水账!$B:$B,H$3) -> 0 | I23: =SUMIFS(出库流水账!$E:$E,出库流水账!$C:$C,$B23,出库流水账!$B:$B,H$3) -> 0 | J23: =SUMIFS(入库流水账!$E:$E,入库流水账!$C:$C,$B23,入库流水账!$B:$B,J$3) -> 0 | K23: =SUMIFS(出库流水账!$E:$E,出库流水账!$C:$C,$B23,出库流水账!$B:$B,J$3) -> 0 | L23: =SUMIFS(入库流水账!$E:$E,入库流水账!$C:$C,$B23,入库流水账!$B:$B,L$3) -> 0 | M23: =SUMIFS(出库流水账!$E:$E,出库流水账!$C:$C,$B23,出库流水账!$B:$B,L$3) -> 0 | N23: =SUMIFS(入库流水账!$E:$E,入库流水账!$C:$C,$B23,入库流水账!$B:$B,N$3) -> 0 | O23: =SUMIFS(出库流水账!$E:$E,出库流水账!$C:$C,$B23,出库流水账!$B:$B,N$3) -> 4 | P23: =SUMIFS(入库流水账!$E:$E,入库流水账!$C:$C,$B23,入库流水账!$B:$B,P$3) -> 0 | Q23: =SUMIFS(出库流水账!$E:$E,出库流水账!$C:$C,$B23,出库流水账!$B:$B,P$3) -> 1 | R23: =SUMIFS(入库流水账!$E:$E,入库流水账!$C:$C,$B23,入库流水账!$B:$B,R$3) -> 0 | S23: =SUMIFS(出库流水账!$E:$E,出库流水账!$C:$C,$B23,出库流水账!$B:$B,R$3) -> 2 | T23: =SUMIFS(入库流水账!$E:$E,入库流水账!$C:$C,$B23,入库流水账!$B:$B,T$3) -> 0 | U23: =SUMIFS(出库流水账!$E:$E,出库流水账!$C:$C,$B23,出库流水账!$B:$B,T$3) -> 1 | V23: =SUMIFS(入库流水账!$E:$E,入库流水账!$C:$C,$B23,入库流水账!$B:$B,V$3) -> 0 | W23: =SUMIFS(出库流水账!$E:$E,出库流水账!$C:$C,$B23,出库流水账!$B:$B,V$3) -> 1 | X23: =SUMIFS(入库流水账!$E:$E,入库流水账!$C:$C,$B23,入库流水账!$B:$B,X$3) -> 0 | Y23: =SUMIFS(出库流水账!$E:$E,出库流水账!$C:$C,$B23,出库流水账!$B:$B,X$3) -> 4 | Z23: =SUMIFS(入库流水账!$E:$E,入库流水账!$C:$C,$B23,入库流水账!$B:$B,Z$3) -> 0 | AA23: =SUMIFS(出库流水账!$E:$E,出库流水账!$C:$C,$B23,出库流水账!$B:$B,Z$3) -> 0 | AB23: =SUMIFS(入库流水账!$E:$E,入库流水账!$C:$C,$B23,入库流水账!$B:$B,AB$3) -> 0 | AC23: =SUMIFS(出库流水账!$E:$E,出库流水账!$C:$C,$B23,出库流水账!$B:$B,AB$3) -> 0 | AD23: =SUMIFS(入库流水账!$E:$E,入库流水账!$C:$C,$B23,入库流水账!$B:$B,AD$3) -> 25 | AE23: =SUMIFS(出库流水账!$E:$E,出库流水账!$C:$C,$B23,出库流水账!$B:$B,AD$3) -> 3 | AF23: =SUMIFS(入库流水账!$E:$E,入库流水账!$C:$C,$B23,入库流水账!$B:$B,AF$3) -> 0 | AG23: =SUMIFS(出库流水账!$E:$E,出库流水账!$C:$C,$B23,出库流水账!$B:$B,AF$3) -> 1 | AH23: =SUMIFS(入库流水账!$E:$E,入库流水账!$C:$C,$B23,入库流水账!$B:$B,AH$3) -> 0 | AI23: =SUMIFS(出库流水账!$E:$E,出库流水账!$C:$C,$B23,出库流水账!$B:$B,AH$3) -> 1 | AJ23: =SUMIFS(入库流水账!$E:$E,入库流水账!$C:$C,$B23,入库流水账!$B:$B,AJ$3) -> 0 | AK23: =SUMIFS(出库流水账!$E:$E,出库流水账!$C:$C,$B23,出库流水账!$B:$B,AJ$3) -> 1 | AL23: =SUMIFS(入库流水账!$E:$E,入库流水账!$C:$C,$B23,入库流水账!$B:$B,AL$3) -> 0 | AM23: =SUMIFS(出库流水账!$E:$E,出库流水账!$C:$C,$B23,出库流水账!$B:$B,AL$3) -> 3 | AN23: =SUMIFS(入库流水账!$E:$E,入库流水账!$C:$C,$B23,入库流水账!$B:$B,AN$3) -> 0 | AO23: =SUMIFS(出库流水账!$E:$E,出库流水账!$C:$C,$B23,出库流水账!$B:$B,AN$3) -> 0 | AP23: =SUMIFS(入库流水账!$E:$E,入库流水账!$C:$C,$B23,入库流水账!$B:$B,AP$3) -> 0 | AQ23: =SUMIFS(出库流水账!$E:$E,出库流水账!$C:$C,$B23,出库流水账!$B:$B,AP$3) -> 0 | AR23: =SUMIFS(入库流水账!$E:$E,入库流水账!$C:$C,$B23,入库流水账!$B:$B,AR$3) -> 0 | AS23: =SUMIFS(出库流水账!$E:$E,出库流水账!$C:$C,$B23,出库流水账!$B:$B,AR$3) -> 2 | AT23: =SUMIFS(入库流水账!$E:$E,入库流水账!$C:$C,$B23,入库流水账!$B:$B,AT$3) -> 0 | AU23: =SUMIFS(出库流水账!$E:$E,出库流水账!$C:$C,$B23,出库流水账!$B:$B,AT$3) -> 2 | AV23: =SUMIFS(入库流水账!$E:$E,入库流水账!$C:$C,$B23,入库流水账!$B:$B,AV$3) -> 0 | AW23: =SUMIFS(出库流水账!$E:$E,出库流水账!$C:$C,$B23,出库流水账!$B:$B,AV$3) -> 2 | AX23: =SUMIFS(入库流水账!$E:$E,入库流水账!$C:$C,$B23,入库流水账!$B:$B,AX$3) -> 0 | AY23: =SUMIFS(出库流水账!$E:$E,出库流水账!$C:$C,$B23,出库流水账!$B:$B,AX$3) -> 2 | AZ23: =SUMIFS(入库流水账!$E:$E,入库流水账!$C:$C,$B23,入库流水账!$B:$B,AZ$3) -> 25 | BA23: =SUMIFS(出库流水账!$E:$E,出库流水账!$C:$C,$B23,出库流水账!$B:$B,AZ$3) -> 2 | BB23: =SUMIFS(入库流水账!$E:$E,入库流水账!$C:$C,$B23,入库流水账!$B:$B,BB$3) -> 0 | BC23: =SUMIFS(出库流水账!$E:$E,出库流水账!$C:$C,$B23,出库流水账!$B:$B,BB$3) -> 0 | BD23: =SUMIFS(入库流水账!$E:$E,入库流水账!$C:$C,$B23,入库流水账!$B:$B,BD$3) -> 0 | BE23: =SUMIFS(出库流水账!$E:$E,出库流水账!$C:$C,$B23,出库流水账!$B:$B,BD$3) -> 0 | BF23: =SUMIFS(入库流水账!$E:$E,入库流水账!$C:$C,$B23,入库流水账!$B:$B,BF$3) -> 0 | BG23: =SUMIFS(出库流水账!$E:$E,出库流水账!$C:$C,$B23,出库流水账!$B:$B,BF$3) -> 6 | BH23: =SUMIFS(入库流水账!$E:$E,入库流水账!$C:$C,$B23,入库流水账!$B:$B,BH$3) -> 0 | BI23: =SUMIFS(出库流水账!$E:$E,出库流水账!$C:$C,$B23,出库流水账!$B:$B,BH$3) -> 2 | BJ23: =SUMIFS(入库流水账!$E:$E,入库流水账!$C:$C,$B23,入库流水账!$B:$B,BJ$3) -> 0 | BK23: =SUMIFS(出库流水账!$E:$E,出库流水账!$C:$C,$B23,出库流水账!$B:$B,BJ$3) -> 1 | BL23: =SUMIFS(入库流水账!$E:$E,入库流水账!$C:$C,$B23,入库流水账!$B:$B,BL$3) -> 0 | BM23: =SUMIFS(出库流水账!$E:$E,出库流水账!$C:$C,$B23,出库流水账!$B:$B,BL$3) -> 2 | BN23: =SUMIFS(入库流水账!$E:$E,入库流水账!$C:$C,$B23,入库流水账!$B:$B,BN$3) -> 0 | BO23: =SUMIFS(出库流水账!$E:$E,出库流水账!$C:$C,$B23,出库流水账!$B:$B,BN$3) -> 4 | BP23: =SUMIFS(入库流水账!$E:$E,入库流水账!$C:$C,$B23,入库流水账!$B:$B,BP$3) -> 0 | BQ23: =SUMIFS(出库流水账!$E:$E,出库流水账!$C:$C,$B23,出库流水账!$B:$B,BP$3) -> 0
A24: =ROW()-4 -> 20 | B24: 国良白胡椒粉 | C24: =IFERROR(VLOOKUP(B24,产品数据!$B:$D,3,FALSE),"") -> 包 | D24: 20 | E24: =SUMIF($H$4:$BQ$4,$E$2,H24:BQ24) -> 0 | F24: =SUMIF($H$4:$BQ$4,$F$2,H24:BQ24) -> 5 | G24: =D24+E24-F24 -> 15 | H24: =SUMIFS(入库流水账!$E:$E,入库流水账!$C:$C,$B24,入库流水账!$B:$B,H$3) -> 0 | I24: =SUMIFS(出库流水账!$E:$E,出库流水账!$C:$C,$B24,出库流水账!$B:$B,H$3) -> 0 | J24: =SUMIFS(入库流水账!$E:$E,入库流水账!$C:$C,$B24,入库流水账!$B:$B,J$3) -> 0 | K24: =SUMIFS(出库流水账!$E:$E,出库流水账!$C:$C,$B24,出库流水账!$B:$B,J$3) -> 0 | L24: =SUMIFS(入库流水账!$E:$E,入库流水账!$C:$C,$B24,入库流水账!$B:$B,L$3) -> 0 | M24: =SUMIFS(出库流水账!$E:$E,出库流水账!$C:$C,$B24,出库流水账!$B:$B,L$3) -> 0 | N24: =SUMIFS(入库流水账!$E:$E,入库流水账!$C:$C,$B24,入库流水账!$B:$B,N$3) -> 0 | O24: =SUMIFS(出库流水账!$E:$E,出库流水账!$C:$C,$B24,出库流水账!$B:$B,N$3) -> 0 | P24: =SUMIFS(入库流水账!$E:$E,入库流水账!$C:$C,$B24,入库流水账!$B:$B,P$3) -> 0 | Q24: =SUMIFS(出库流水账!$E:$E,出库流水账!$C:$C,$B24,出库流水账!$B:$B,P$3) -> 1 | R24: =SUMIFS(入库流水账!$E:$E,入库流水账!$C:$C,$B24,入库流水账!$B:$B,R$3) -> 0 | S24: =SUMIFS(出库流水账!$E:$E,出库流水账!$C:$C,$B24,出库流水账!$B:$B,R$3) -> 0 | T24: =SUMIFS(入库流水账!$E:$E,入库流水账!$C:$C,$B24,入库流水账!$B:$B,T$3) -> 0 | U24: =SUMIFS(出库流水账!$E:$E,出库流水账!$C:$C,$B24,出库流水账!$B:$B,T$3) -> 0 | V24: =SUMIFS(入库流水账!$E:$E,入库流水账!$C:$C,$B24,入库流水账!$B:$B,V$3) -> 0 | W24: =SUMIFS(出库流水账!$E:$E,出库流水账!$C:$C,$B24,出库流水账!$B:$B,V$3) -> 0 | X24: =SUMIFS(入库流水账!$E:$E,入库流水账!$C:$C,$B24,入库流水账!$B:$B,X$3) -> 0 | Y24: =SUMIFS(出库流水账!$E:$E,出库流水账!$C:$C,$B24,出库流水账!$B:$B,X$3) -> 0 | Z24: =SUMIFS(入库流水账!$E:$E,入库流水账!$C:$C,$B24,入库流水账!$B:$B,Z$3) -> 0 | AA24: =SUMIFS(出库流水账!$E:$E,出库流水账!$C:$C,$B24,出库流水账!$B:$B,Z$3) -> 0 | AB24: =SUMIFS(入库流水账!$E:$E,入库流水账!$C:$C,$B24,入库流水账!$B:$B,AB$3) -> 0 | AC24: =SUMIFS(出库流水账!$E:$E,出库流水账!$C:$C,$B24,出库流水账!$B:$B,AB$3) -> 0 | AD24: =SUMIFS(入库流水账!$E:$E,入库流水账!$C:$C,$B24,入库流水账!$B:$B,AD$3) -> 0 | AE24: =SUMIFS(出库流水账!$E:$E,出库流水账!$C:$C,$B24,出库流水账!$B:$B,AD$3) -> 0 | AF24: =SUMIFS(入库流水账!$E:$E,入库流水账!$C:$C,$B24,入库流水账!$B:$B,AF$3) -> 0 | AG24: =SUMIFS(出库流水账!$E:$E,出库流水账!$C:$C,$B24,出库流水账!$B:$B,AF$3) -> 0 | AH24: =SUMIFS(入库流水账!$E:$E,入库流水账!$C:$C,$B24,入库流水账!$B:$B,AH$3) -> 0 | AI24: =SUMIFS(出库流水账!$E:$E,出库流水账!$C:$C,$B24,出库流水账!$B:$B,AH$3) -> 0 | AJ24: =SUMIFS(入库流水账!$E:$E,入库流水账!$C:$C,$B24,入库流水账!$B:$B,AJ$3) -> 0 | AK24: =SUMIFS(出库流水账!$E:$E,出库流水账!$C:$C,$B24,出库流水账!$B:$B,AJ$3) -> 0 | AL24: =SUMIFS(入库流水账!$E:$E,入库流水账!$C:$C,$B24,入库流水账!$B:$B,AL$3) -> 0 | AM24: =SUMIFS(出库流水账!$E:$E,出库流水账!$C:$C,$B24,出库流水账!$B:$B,AL$3) -> 0 | AN24: =SUMIFS(入库流水账!$E:$E,入库流水账!$C:$C,$B24,入库流水账!$B:$B,AN$3) -> 0 | AO24: =SUMIFS(出库流水账!$E:$E,出库流水账!$C:$C,$B24,出库流水账!$B:$B,AN$3) -> 0 | AP24: =SUMIFS(入库流水账!$E:$E,入库流水账!$C:$C,$B24,入库流水账!$B:$B,AP$3) -> 0 | AQ24: =SUMIFS(出库流水账!$E:$E,出库流水账!$C:$C,$B24,出库流水账!$B:$B,AP$3) -> 0 | AR24: =SUMIFS(入库流水账!$E:$E,入库流水账!$C:$C,$B24,入库流水账!$B:$B,AR$3) -> 0 | AS24: =SUMIFS(出库流水账!$E:$E,出库流水账!$C:$C,$B24,出库流水账!$B:$B,AR$3) -> 0 | AT24: =SUMIFS(入库流水账!$E:$E,入库流水账!$C:$C,$B24,入库流水账!$B:$B,AT$3) -> 0 | AU24: =SUMIFS(出库流水账!$E:$E,出库流水账!$C:$C,$B24,出库流水账!$B:$B,AT$3) -> 0 | AV24: =SUMIFS(入库流水账!$E:$E,入库流水账!$C:$C,$B24,入库流水账!$B:$B,AV$3) -> 0 | AW24: =SUMIFS(出库流水账!$E:$E,出库流水账!$C:$C,$B24,出库流水账!$B:$B,AV$3) -> 0 | AX24: =SUMIFS(入库流水账!$E:$E,入库流水账!$C:$C,$B24,入库流水账!$B:$B,AX$3) -> 0 | AY24: =SUMIFS(出库流水账!$E:$E,出库流水账!$C:$C,$B24,出库流水账!$B:$B,AX$3) -> 0 | AZ24: =SUMIFS(入库流水账!$E:$E,入库流水账!$C:$C,$B24,入库流水账!$B:$B,AZ$3) -> 0 | BA24: =SUMIFS(出库流水账!$E:$E,出库流水账!$C:$C,$B24,出库流水账!$B:$B,AZ$3) -> 2 | BB24: =SUMIFS(入库流水账!$E:$E,入库流水账!$C:$C,$B24,入库流水账!$B:$B,BB$3) -> 0 | BC24: =SUMIFS(出库流水账!$E:$E,出库流水账!$C:$C,$B24,出库流水账!$B:$B,BB$3) -> 0 | BD24: =SUMIFS(入库流水账!$E:$E,入库流水账!$C:$C,$B24,入库流水账!$B:$B,BD$3) -> 0 | BE24: =SUMIFS(出库流水账!$E:$E,出库流水账!$C:$C,$B24,出库流水账!$B:$B,BD$3) -> 0 | BF24: =SUMIFS(入库流水账!$E:$E,入库流水账!$C:$C,$B24,入库流水账!$B:$B,BF$3) -> 0 | BG24: =SUMIFS(出库流水账!$E:$E,出库流水账!$C:$C,$B24,出库流水账!$B:$B,BF$3) -> 0 | BH24: =SUMIFS(入库流水账!$E:$E,入库流水账!$C:$C,$B24,入库流水账!$B:$B,BH$3) -> 0 | BI24: =SUMIFS(出库流水账!$E:$E,出库流水账!$C:$C,$B24,出库流水账!$B:$B,BH$3) -> 0 | BJ24: =SUMIFS(入库流水账!$E:$E,入库流水账!$C:$C,$B24,入库流水账!$B:$B,BJ$3) -> 0 | BK24: =SUMIFS(出库流水账!$E:$E,出库流水账!$C:$C,$B24,出库流水账!$B:$B,BJ$3) -> 0 | BL24: =SUMIFS(入库流水账!$E:$E,入库流水账!$C:$C,$B24,入库流水账!$B:$B,BL$3) -> 0 | BM24: =SUMIFS(出库流水账!$E:$E,出库流水账!$C:$C,$B24,出库流水账!$B:$B,BL$3) -> 0 | BN24: =SUMIFS(入库流水账!$E:$E,入库流水账!$C:$C,$B24,入库流水账!$B:$B,BN$3) -> 0 | BO24: =SUMIFS(出库流水账!$E:$E,出库流水账!$C:$C,$B24,出库流水账!$B:$B,BN$3) -> 2 | BP24: =SUMIFS(入库流水账!$E:$E,入库流水账!$C:$C,$B24,入库流水账!$B:$B,BP$3) -> 0 | BQ24: =SUMIFS(出库流水账!$E:$E,出库流水账!$C:$C,$B24,出库流水账!$B:$B,BP$3) -> 0
A25: =ROW()-4 -> 21 | B25: 王守义麻辣鲜 | C25: =IFERROR(VLOOKUP(B25,产品数据!$B:$D,3,FALSE),"") -> 包 | D25: 20 | E25: =SUMIF($H$4:$BQ$4,$E$2,H25:BQ25) -> 0 | F25: =SUMIF($H$4:$BQ$4,$F$2,H25:BQ25) -> 7 | G25: =D25+E25-F25 -> 13 | H25: =SUMIFS(入库流水账!$E:$E,入库流水账!$C:$C,$B25,入库流水账!$B:$B,H$3) -> 0 | I25: =SUMIFS(出库流水账!$E:$E,出库流水账!$C:$C,$B25,出库流水账!$B:$B,H$3) -> 0 | J25: =SUMIFS(入库流水账!$E:$E,入库流水账!$C:$C,$B25,入库流水账!$B:$B,J$3) -> 0 | K25: =SUMIFS(出库流水账!$E:$E,出库流水账!$C:$C,$B25,出库流水账!$B:$B,J$3) -> 0 | L25: =SUMIFS(入库流水账!$E:$E,入库流水账!$C:$C,$B25,入库流水账!$B:$B,L$3) -> 0 | M25: =SUMIFS(出库流水账!$E:$E,出库流水账!$C:$C,$B25,出库流水账!$B:$B,L$3) -> 0 | N25: =SUMIFS(入库流水账!$E:$E,入库流水账!$C:$C,$B25,入库流水账!$B:$B,N$3) -> 0 | O25: =SUMIFS(出库流水账!$E:$E,出库流水账!$C:$C,$B25,出库流水账!$B:$B,N$3) -> 0 | P25: =SUMIFS(入库流水账!$E:$E,入库流水账!$C:$C,$B25,入库流水账!$B:$B,P$3) -> 0 | Q25: =SUMIFS(出库流水账!$E:$E,出库流水账!$C:$C,$B25,出库流水账!$B:$B,P$3) -> 1 | R25: =SUMIFS(入库流水账!$E:$E,入库流水账!$C:$C,$B25,入库流水账!$B:$B,R$3) -> 0 | S25: =SUMIFS(出库流水账!$E:$E,出库流水账!$C:$C,$B25,出库流水账!$B:$B,R$3) -> 0 | T25: =SUMIFS(入库流水账!$E:$E,入库流水账!$C:$C,$B25,入库流水账!$B:$B,T$3) -> 0 | U25: =SUMIFS(出库流水账!$E:$E,出库流水账!$C:$C,$B25,出库流水账!$B:$B,T$3) -> 0 | V25: =SUMIFS(入库流水账!$E:$E,入库流水账!$C:$C,$B25,入库流水账!$B:$B,V$3) -> 0 | W25: =SUMIFS(出库流水账!$E:$E,出库流水账!$C:$C,$B25,出库流水账!$B:$B,V$3) -> 0 | X25: =SUMIFS(入库流水账!$E:$E,入库流水账!$C:$C,$B25,入库流水账!$B:$B,X$3) -> 0 | Y25: =SUMIFS(出库流水账!$E:$E,出库流水账!$C:$C,$B25,出库流水账!$B:$B,X$3) -> 0 | Z25: =SUMIFS(入库流水账!$E:$E,入库流水账!$C:$C,$B25,入库流水账!$B:$B,Z$3) -> 0 | AA25: =SUMIFS(出库流水账!$E:$E,出库流水账!$C:$C,$B25,出库流水账!$B:$B,Z$3) -> 0 | AB25: =SUMIFS(入库流水账!$E:$E,入库流水账!$C:$C,$B25,入库流水账!$B:$B,AB$3) -> 0 | AC25: =SUMIFS(出库流水账!$E:$E,出库流水账!$C:$C,$B25,出库流水账!$B:$B,AB$3) -> 0 | AD25: =SUMIFS(入库流水账!$E:$E,入库流水账!$C:$C,$B25,入库流水账!$B:$B,AD$3) -> 0 | AE25: =SUMIFS(出库流水账!$E:$E,出库流水账!$C:$C,$B25,出库流水账!$B:$B,AD$3) -> 0 | AF25: =SUMIFS(入库流水账!$E:$E,入库流水账!$C:$C,$B25,入库流水账!$B:$B,AF$3) -> 0 | AG25: =SUMIFS(出库流水账!$E:$E,出库流水账!$C:$C,$B25,出库流水账!$B:$B,AF$3) -> 0 | AH25: =SUMIFS(入库流水账!$E:$E,入库流水账!$C:$C,$B25,入库流水账!$B:$B,AH$3) -> 0 | AI25: =SUMIFS(出库流水账!$E:$E,出库流水账!$C:$C,$B25,出库流水账!$B:$B,AH$3) -> 0 | AJ25: =SUMIFS(入库流水账!$E:$E,入库流水账!$C:$C,$B25,入库流水账!$B:$B,AJ$3) -> 0 | AK25: =SUMIFS(出库流水账!$E:$E,出库流水账!$C:$C,$B25,出库流水账!$B:$B,AJ$3) -> 0 | AL25: =SUMIFS(入库流水账!$E:$E,入库流水账!$C:$C,$B25,入库流水账!$B:$B,AL$3) -> 0 | AM25: =SUMIFS(出库流水账!$E:$E,出库流水账!$C:$C,$B25,出库流水账!$B:$B,AL$3) -> 0 | AN25: =SUMIFS(入库流水账!$E:$E,入库流水账!$C:$C,$B25,入库流水账!$B:$B,AN$3) -> 0 | AO25: =SUMIFS(出库流水账!$E:$E,出库流水账!$C:$C,$B25,出库流水账!$B:$B,AN$3) -> 0 | AP25: =SUMIFS(入库流水账!$E:$E,入库流水账!$C:$C,$B25,入库流水账!$B:$B,AP$3) -> 0 | AQ25: =SUMIFS(出库流水账!$E:$E,出库流水账!$C:$C,$B25,出库流水账!$B:$B,AP$3) -> 0 | AR25: =SUMIFS(入库流水账!$E:$E,入库流水账!$C:$C,$B25,入库流水账!$B:$B,AR$3) -> 0 | AS25: =SUMIFS(出库流水账!$E:$E,出库流水账!$C:$C,$B25,出库流水账!$B:$B,AR$3) -> 1 | AT25: =SUMIFS(入库流水账!$E:$E,入库流水账!$C:$C,$B25,入库流水账!$B:$B,AT$3) -> 0 | AU25: =SUMIFS(出库流水账!$E:$E,出库流水账!$C:$C,$B25,出库流水账!$B:$B,AT$3) -> 3 | AV25: =SUMIFS(入库流水账!$E:$E,入库流水账!$C:$C,$B25,入库流水账!$B:$B,AV$3) -> 0 | AW25: =SUMIFS(出库流水账!$E:$E,出库流水账!$C:$C,$B25,出库流水账!$B:$B,AV$3) -> 0 | AX25: =SUMIFS(入库流水账!$E:$E,入库流水账!$C:$C,$B25,入库流水账!$B:$B,AX$3) -> 0 | AY25: =SUMIFS(出库流水账!$E:$E,出库流水账!$C:$C,$B25,出库流水账!$B:$B,AX$3) -> 0 | AZ25: =SUMIFS(入库流水账!$E:$E,入库流水账!$C:$C,$B25,入库流水账!$B:$B,AZ$3) -> 0 | BA25: =SUMIFS(出库流水账!$E:$E,出库流水账!$C:$C,$B25,出库流水账!$B:$B,AZ$3) -> 0 | BB25: =SUMIFS(入库流水账!$E:$E,入库流水账!$C:$C,$B25,入库流水账!$B:$B,BB$3) -> 0 | BC25: =SUMIFS(出库流水账!$E:$E,出库流水账!$C:$C,$B25,出库流水账!$B:$B,BB$3) -> 0 | BD25: =SUMIFS(入库流水账!$E:$E,入库流水账!$C:$C,$B25,入库流水账!$B:$B,BD$3) -> 0 | BE25: =SUMIFS(出库流水账!$E:$E,出库流水账!$C:$C,$B25,出库流水账!$B:$B,BD$3) -> 0 | BF25: =SUMIFS(入库流水账!$E:$E,入库流水账!$C:$C,$B25,入库流水账!$B:$B,BF$3) -> 0 | BG25: =SUMIFS(出库流水账!$E:$E,出库流水账!$C:$C,$B25,出库流水账!$B:$B,BF$3) -> 0 | BH25: =SUMIFS(入库流水账!$E:$E,入库流水账!$C:$C,$B25,入库流水账!$B:$B,BH$3) -> 0 | BI25: =SUMIFS(出库流水账!$E:$E,出库流水账!$C:$C,$B25,出库流水账!$B:$B,BH$3) -> 0 | BJ25: =SUMIFS(入库流水账!$E:$E,入库流水账!$C:$C,$B25,入库流水账!$B:$B,BJ$3) -> 0 | BK25: =SUMIFS(出库流水账!$E:$E,出库流水账!$C:$C,$B25,出库流水账!$B:$B,BJ$3) -> 0 | BL25: =SUMIFS(入库流水账!$E:$E,入库流水账!$C:$C,$B25,入库流水账!$B:$B,BL$3) -> 0 | BM25: =SUMIFS(出库流水账!$E:$E,出库流水账!$C:$C,$B25,出库流水账!$B:$B,BL$3) -> 0 | BN25: =SUMIFS(入库流水账!$E:$E,入库流水账!$C:$C,$B25,入库流水账!$B:$B,BN$3) -> 0 | BO25: =SUMIFS(出库流水账!$E:$E,出库流水账!$C:$C,$B25,出库流水账!$B:$B,BN$3) -> 2 | BP25: =SUMIFS(入库流水账!$E:$E,入库流水账!$C:$C,$B25,入库流水账!$B:$B,BP$3) -> 0 | BQ25: =SUMIFS(出库流水账!$E:$E,出库流水账!$C:$C,$B25,出库流水账!$B:$B,BP$3) -> 0
A26: =ROW()-4 -> 22 | B26: 三五火锅底料 | C26: =IFERROR(VLOOKUP(B26,产品数据!$B:$D,3,FALSE),"") -> 包 | D26: 18 | E26: =SUMIF($H$4:$BQ$4,$E$2,H26:BQ26) -> 0 | F26: =SUMIF($H$4:$BQ$4,$F$2,H26:BQ26) -> 8 | G26: =D26+E26-F26 -> 10 | H26: =SUMIFS(入库流水账!$E:$E,入库流水账!$C:$C,$B26,入库流水账!$B:$B,H$3) -> 0 | I26: =SUMIFS(出库流水账!$E:$E,出库流水账!$C:$C,$B26,出库流水账!$B:$B,H$3) -> 0 | J26: =SUMIFS(入库流水账!$E:$E,入库流水账!$C:$C,$B26,入库流水账!$B:$B,J$3) -> 0 | K26: =SUMIFS(出库流水账!$E:$E,出库流水账!$C:$C,$B26,出库流水账!$B:$B,J$3) -> 0 | L26: =SUMIFS(入库流水账!$E:$E,入库流水账!$C:$C,$B26,入库流水账!$B:$B,L$3) -> 0 | M26: =SUMIFS(出库流水账!$E:$E,出库流水账!$C:$C,$B26,出库流水账!$B:$B,L$3) -> 0 | N26: =SUMIFS(入库流水账!$E:$E,入库流水账!$C:$C,$B26,入库流水账!$B:$B,N$3) -> 0 | O26: =SUMIFS(出库流水账!$E:$E,出库流水账!$C:$C,$B26,出库流水账!$B:$B,N$3) -> 0 | P26: =SUMIFS(入库流水账!$E:$E,入库流水账!$C:$C,$B26,入库流水账!$B:$B,P$3) -> 0 | Q26: =SUMIFS(出库流水账!$E:$E,出库流水账!$C:$C,$B26,出库流水账!$B:$B,P$3) -> 2 | R26: =SUMIFS(入库流水账!$E:$E,入库流水账!$C:$C,$B26,入库流水账!$B:$B,R$3) -> 0 | S26: =SUMIFS(出库流水账!$E:$E,出库流水账!$C:$C,$B26,出库流水账!$B:$B,R$3) -> 0 | T26: =SUMIFS(入库流水账!$E:$E,入库流水账!$C:$C,$B26,入库流水账!$B:$B,T$3) -> 0 | U26: =SUMIFS(出库流水账!$E:$E,出库流水账!$C:$C,$B26,出库流水账!$B:$B,T$3) -> 0 | V26: =SUMIFS(入库流水账!$E:$E,入库流水账!$C:$C,$B26,入库流水账!$B:$B,V$3) -> 0 | W26: =SUMIFS(出库流水账!$E:$E,出库流水账!$C:$C,$B26,出库流水账!$B:$B,V$3) -> 0 | X26: =SUMIFS(入库流水账!$E:$E,入库流水账!$C:$C,$B26,入库流水账!$B:$B,X$3) -> 0 | Y26: =SUMIFS(出库流水账!$E:$E,出库流水账!$C:$C,$B26,出库流水账!$B:$B,X$3) -> 0 | Z26: =SUMIFS(入库流水账!$E:$E,入库流水账!$C:$C,$B26,入库流水账!$B:$B,Z$3) -> 0 | AA26: =SUMIFS(出库流水账!$E:$E,出库流水账!$C:$C,$B26,出库流水账!$B:$B,Z$3) -> 0 | AB26: =SUMIFS(入库流水账!$E:$E,入库流水账!$C:$C,$B26,入库流水账!$B:$B,AB$3) -> 0 | AC26: =SUMIFS(出库流水账!$E:$E,出库流水账!$C:$C,$B26,出库流水账!$B:$B,AB$3) -> 0 | AD26: =SUMIFS(入库流水账!$E:$E,入库流水账!$C:$C,$B26,入库流水账!$B:$B,AD$3) -> 0 | AE26: =SUMIFS(出库流水账!$E:$E,出库流水账!$C:$C,$B26,出库流水账!$B:$B,AD$3) -> 0 | AF26: =SUMIFS(入库流水账!$E:$E,入库流水账!$C:$C,$B26,入库流水账!$B:$B,AF$3) -> 0 | AG26: =SUMIFS(出库流水账!$E:$E,出库流水账!$C:$C,$B26,出库流水账!$B:$B,AF$3) -> 0 | AH26: =SUMIFS(入库流水账!$E:$E,入库流水账!$C:$C,$B26,入库流水账!$B:$B,AH$3) -> 0 | AI26: =SUMIFS(出库流水账!$E:$E,出库流水账!$C:$C,$B26,出库流水账!$B:$B,AH$3) -> 0 | AJ26: =SUMIFS(入库流水账!$E:$E,入库流水账!$C:$C,$B26,入库流水账!$B:$B,AJ$3) -> 0 | AK26: =SUMIFS(出库流水账!$E:$E,出库流水账!$C:$C,$B26,出库流水账!$B:$B,AJ$3) -> 0 | AL26: =SUMIFS(入库流水账!$E:$E,入库流水账!$C:$C,$B26,入库流水账!$B:$B,AL$3) -> 0 | AM26: =SUMIFS(出库流水账!$E:$E,出库流水账!$C:$C,$B26,出库流水账!$B:$B,AL$3) -> 2 | AN26: =SUMIFS(入库流水账!$E:$E,入库流水账!$C:$C,$B26,入库流水账!$B:$B,AN$3) -> 0 | AO26: =SUMIFS(出库流水账!$E:$E,出库流水账!$C:$C,$B26,出库流水账!$B:$B,AN$3) -> 0 | AP26: =SUMIFS(入库流水账!$E:$E,入库流水账!$C:$C,$B26,入库流水账!$B:$B,AP$3) -> 0 | AQ26: =SUMIFS(出库流水账!$E:$E,出库流水账!$C:$C,$B26,出库流水账!$B:$B,AP$3) -> 0 | AR26: =SUMIFS(入库流水账!$E:$E,入库流水账!$C:$C,$B26,入库流水账!$B:$B,AR$3) -> 0 | AS26: =SUMIFS(出库流水账!$E:$E,出库流水账!$C:$C,$B26,出库流水账!$B:$B,AR$3) -> 0 | AT26: =SUMIFS(入库流水账!$E:$E,入库流水账!$C:$C,$B26,入库流水账!$B:$B,AT$3) -> 0 | AU26: =SUMIFS(出库流水账!$E:$E,出库流水账!$C:$C,$B26,出库流水账!$B:$B,AT$3) -> 0 | AV26: =SUMIFS(入库流水账!$E:$E,入库流水账!$C:$C,$B26,入库流水账!$B:$B,AV$3) -> 0 | AW26: =SUMIFS(出库流水账!$E:$E,出库流水账!$C:$C,$B26,出库流水账!$B:$B,AV$3) -> 0 | AX26: =SUMIFS(入库流水账!$E:$E,入库流水账!$C:$C,$B26,入库流水账!$B:$B,AX$3) -> 0 | AY26: =SUMIFS(出库流水账!$E:$E,出库流水账!$C:$C,$B26,出库流水账!$B:$B,AX$3) -> 0 | AZ26: =SUMIFS(入库流水账!$E:$E,入库流水账!$C:$C,$B26,入库流水账!$B:$B,AZ$3) -> 0 | BA26: =SUMIFS(出库流水账!$E:$E,出库流水账!$C:$C,$B26,出库流水账!$B:$B,AZ$3) -> 2 | BB26: =SUMIFS(入库流水账!$E:$E,入库流水账!$C:$C,$B26,入库流水账!$B:$B,BB$3) -> 0 | BC26: =SUMIFS(出库流水账!$E:$E,出库流水账!$C:$C,$B26,出库流水账!$B:$B,BB$3) -> 0 | BD26: =SUMIFS(入库流水账!$E:$E,入库流水账!$C:$C,$B26,入库流水账!$B:$B,BD$3) -> 0 | BE26: =SUMIFS(出库流水账!$E:$E,出库流水账!$C:$C,$B26,出库流水账!$B:$B,BD$3) -> 0 | BF26: =SUMIFS(入库流水账!$E:$E,入库流水账!$C:$C,$B26,入库流水账!$B:$B,BF$3) -> 0 | BG26: =SUMIFS(出库流水账!$E:$E,出库流水账!$C:$C,$B26,出库流水账!$B:$B,BF$3) -> 0 | BH26: =SUMIFS(入库流水账!$E:$E,入库流水账!$C:$C,$B26,入库流水账!$B:$B,BH$3) -> 0 | BI26: =SUMIFS(出库流水账!$E:$E,出库流水账!$C:$C,$B26,出库流水账!$B:$B,BH$3) -> 0 | BJ26: =SUMIFS(入库流水账!$E:$E,入库流水账!$C:$C,$B26,入库流水账!$B:$B,BJ$3) -> 0 | BK26: =SUMIFS(出库流水账!$E:$E,出库流水账!$C:$C,$B26,出库流水账!$B:$B,BJ$3) -> 0 | BL26: =SUMIFS(入库流水账!$E:$E,入库流水账!$C:$C,$B26,入库流水账!$B:$B,BL$3) -> 0 | BM26: =SUMIFS(出库流水账!$E:$E,出库流水账!$C:$C,$B26,出库流水账!$B:$B,BL$3) -> 0 | BN26: =SUMIFS(入库流水账!$E:$E,入库流水账!$C:$C,$B26,入库流水账!$B:$B,BN$3) -> 0 | BO26: =SUMIFS(出库流水账!$E:$E,出库流水账!$C:$C,$B26,出库流水账!$B:$B,BN$3) -> 2 | BP26: =SUMIFS(入库流水账!$E:$E,入库流水账!$C:$C,$B26,入库流水账!$B:$B,BP$3) -> 0 | BQ26: =SUMIFS(出库流水账!$E:$E,出库流水账!$C:$C,$B26,出库流水账!$B:$B,BP$3) -> 0
A27: =ROW()-4 -> 23 | B27: 国产风车生粉 | C27: =IFERROR(VLOOKUP(B27,产品数据!$B:$D,3,FALSE),"") -> 包 | D27: 11 | E27: =SUMIF($H$4:$BQ$4,$E$2,H27:BQ27) -> 10 | F27: =SUMIF($H$4:$BQ$4,$F$2,H27:BQ27) -> 8 | G27: =D27+E27-F27 -> 13 | H27: =SUMIFS(入库流水账!$E:$E,入库流水账!$C:$C,$B27,入库流水账!$B:$B,H$3) -> 0 | I27: =SUMIFS(出库流水账!$E:$E,出库流水账!$C:$C,$B27,出库流水账!$B:$B,H$3) -> 0 | J27: =SUMIFS(入库流水账!$E:$E,入库流水账!$C:$C,$B27,入库流水账!$B:$B,J$3) -> 0 | K27: =SUMIFS(出库流水账!$E:$E,出库流水账!$C:$C,$B27,出库流水账!$B:$B,J$3) -> 0 | L27: =SUMIFS(入库流水账!$E:$E,入库流水账!$C:$C,$B27,入库流水账!$B:$B,L$3) -> 0 | M27: =SUMIFS(出库流水账!$E:$E,出库流水账!$C:$C,$B27,出库流水账!$B:$B,L$3) -> 0 | N27: =SUMIFS(入库流水账!$E:$E,入库流水账!$C:$C,$B27,入库流水账!$B:$B,N$3) -> 0 | O27: =SUMIFS(出库流水账!$E:$E,出库流水账!$C:$C,$B27,出库流水账!$B:$B,N$3) -> 0 | P27: =SUMIFS(入库流水账!$E:$E,入库流水账!$C:$C,$B27,入库流水账!$B:$B,P$3) -> 0 | Q27: =SUMIFS(出库流水账!$E:$E,出库流水账!$C:$C,$B27,出库流水账!$B:$B,P$3) -> 0 | R27: =SUMIFS(入库流水账!$E:$E,入库流水账!$C:$C,$B27,入库流水账!$B:$B,R$3) -> 0 | S27: =SUMIFS(出库流水账!$E:$E,出库流水账!$C:$C,$B27,出库流水账!$B:$B,R$3) -> 1 | T27: =SUMIFS(入库流水账!$E:$E,入库流水账!$C:$C,$B27,入库流水账!$B:$B,T$3) -> 0 | U27: =SUMIFS(出库流水账!$E:$E,出库流水账!$C:$C,$B27,出库流水账!$B:$B,T$3) -> 0 | V27: =SUMIFS(入库流水账!$E:$E,入库流水账!$C:$C,$B27,入库流水账!$B:$B,V$3) -> 0 | W27: =SUMIFS(出库流水账!$E:$E,出库流水账!$C:$C,$B27,出库流水账!$B:$B,V$3) -> 0 | X27: =SUMIFS(入库流水账!$E:$E,入库流水账!$C:$C,$B27,入库流水账!$B:$B,X$3) -> 0 | Y27: =SUMIFS(出库流水账!$E:$E,出库流水账!$C:$C,$B27,出库流水账!$B:$B,X$3) -> 1 | Z27: =SUMIFS(入库流水账!$E:$E,入库流水账!$C:$C,$B27,入库流水账!$B:$B,Z$3) -> 0 | AA27: =SUMIFS(出库流水账!$E:$E,出库流水账!$C:$C,$B27,出库流水账!$B:$B,Z$3) -> 0 | AB27: =SUMIFS(入库流水账!$E:$E,入库流水账!$C:$C,$B27,入库流水账!$B:$B,AB$3) -> 0 | AC27: =SUMIFS(出库流水账!$E:$E,出库流水账!$C:$C,$B27,出库流水账!$B:$B,AB$3) -> 0 | AD27: =SUMIFS(入库流水账!$E:$E,入库流水账!$C:$C,$B27,入库流水账!$B:$B,AD$3) -> 0 | AE27: =SUMIFS(出库流水账!$E:$E,出库流水账!$C:$C,$B27,出库流水账!$B:$B,AD$3) -> 1 | AF27: =SUMIFS(入库流水账!$E:$E,入库流水账!$C:$C,$B27,入库流水账!$B:$B,AF$3) -> 0 | AG27: =SUMIFS(出库流水账!$E:$E,出库流水账!$C:$C,$B27,出库流水账!$B:$B,AF$3) -> 0 | AH27: =SUMIFS(入库流水账!$E:$E,入库流水账!$C:$C,$B27,入库流水账!$B:$B,AH$3) -> 0 | AI27: =SUMIFS(出库流水账!$E:$E,出库流水账!$C:$C,$B27,出库流水账!$B:$B,AH$3) -> 0 | AJ27: =SUMIFS(入库流水账!$E:$E,入库流水账!$C:$C,$B27,入库流水账!$B:$B,AJ$3) -> 0 | AK27: =SUMIFS(出库流水账!$E:$E,出库流水账!$C:$C,$B27,出库流水账!$B:$B,AJ$3) -> 0 | AL27: =SUMIFS(入库流水账!$E:$E,入库流水账!$C:$C,$B27,入库流水账!$B:$B,AL$3) -> 0 | AM27: =SUMIFS(出库流水账!$E:$E,出库流水账!$C:$C,$B27,出库流水账!$B:$B,AL$3) -> 1 | AN27: =SUMIFS(入库流水账!$E:$E,入库流水账!$C:$C,$B27,入库流水账!$B:$B,AN$3) -> 0 | AO27: =SUMIFS(出库流水账!$E:$E,出库流水账!$C:$C,$B27,出库流水账!$B:$B,AN$3) -> 0 | AP27: =SUMIFS(入库流水账!$E:$E,入库流水账!$C:$C,$B27,入库流水账!$B:$B,AP$3) -> 0 | AQ27: =SUMIFS(出库流水账!$E:$E,出库流水账!$C:$C,$B27,出库流水账!$B:$B,AP$3) -> 0 | AR27: =SUMIFS(入库流水账!$E:$E,入库流水账!$C:$C,$B27,入库流水账!$B:$B,AR$3) -> 0 | AS27: =SUMIFS(出库流水账!$E:$E,出库流水账!$C:$C,$B27,出库流水账!$B:$B,AR$3) -> 0 | AT27: =SUMIFS(入库流水账!$E:$E,入库流水账!$C:$C,$B27,入库流水账!$B:$B,AT$3) -> 0 | AU27: =SUMIFS(出库流水账!$E:$E,出库流水账!$C:$C,$B27,出库流水账!$B:$B,AT$3) -> 1 | AV27: =SUMIFS(入库流水账!$E:$E,入库流水账!$C:$C,$B27,入库流水账!$B:$B,AV$3) -> 10 | AW27: =SUMIFS(出库流水账!$E:$E,出库流水账!$C:$C,$B27,出库流水账!$B:$B,AV$3) -> 0 | AX27: =SUMIFS(入库流水账!$E:$E,入库流水账!$C:$C,$B27,入库流水账!$B:$B,AX$3) -> 0 | AY27: =SUMIFS(出库流水账!$E:$E,出库流水账!$C:$C,$B27,出库流水账!$B:$B,AX$3) -> 1 | AZ27: =SUMIFS(入库流水账!$E:$E,入库流水账!$C:$C,$B27,入库流水账!$B:$B,AZ$3) -> 0 | BA27: =SUMIFS(出库流水账!$E:$E,出库流水账!$C:$C,$B27,出库流水账!$B:$B,AZ$3) -> 0 | BB27: =SUMIFS(入库流水账!$E:$E,入库流水账!$C:$C,$B27,入库流水账!$B:$B,BB$3) -> 0 | BC27: =SUMIFS(出库流水账!$E:$E,出库流水账!$C:$C,$B27,出库流水账!$B:$B,BB$3) -> 0 | BD27: =SUMIFS(入库流水账!$E:$E,入库流水账!$C:$C,$B27,入库流水账!$B:$B,BD$3) -> 0 | BE27: =SUMIFS(出库流水账!$E:$E,出库流水账!$C:$C,$B27,出库流水账!$B:$B,BD$3) -> 0 | BF27: =SUMIFS(入库流水账!$E:$E,入库流水账!$C:$C,$B27,入库流水账!$B:$B,BF$3) -> 0 | BG27: =SUMIFS(出库流水账!$E:$E,出库流水账!$C:$C,$B27,出库流水账!$B:$B,BF$3) -> 0 | BH27: =SUMIFS(入库流水账!$E:$E,入库流水账!$C:$C,$B27,入库流水账!$B:$B,BH$3) -> 0 | BI27: =SUMIFS(出库流水账!$E:$E,出库流水账!$C:$C,$B27,出库流水账!$B:$B,BH$3) -> 0 | BJ27: =SUMIFS(入库流水账!$E:$E,入库流水账!$C:$C,$B27,入库流水账!$B:$B,BJ$3) -> 0 | BK27: =SUMIFS(出库流水账!$E:$E,出库流水账!$C:$C,$B27,出库流水账!$B:$B,BJ$3) -> 1 | BL27: =SUMIFS(入库流水账!$E:$E,入库流水账!$C:$C,$B27,入库流水账!$B:$B,BL$3) -> 0 | BM27: =SUMIFS(出库流水账!$E:$E,出库流水账!$C:$C,$B27,出库流水账!$B:$B,BL$3) -> 0 | BN27: =SUMIFS(入库流水账!$E:$E,入库流水账!$C:$C,$B27,入库流水账!$B:$B,BN$3) -> 0 | BO27: =SUMIFS(出库流水账!$E:$E,出库流水账!$C:$C,$B27,出库流水账!$B:$B,BN$3) -> 1 | BP27: =SUMIFS(入库流水账!$E:$E,入库流水账!$C:$C,$B27,入库流水账!$B:$B,BP$3) -> 0 | BQ27: =SUMIFS(出库流水账!$E:$E,出库流水账!$C:$C,$B27,出库流水账!$B:$B,BP$3) -> 0
A28: =ROW()-4 -> 24 | B28: 国良椒盐 | C28: =IFERROR(VLOOKUP(B28,产品数据!$B:$D,3,FALSE),"") -> 瓶 | D28: ='[2]米油调味品台账表 12月 '!G29 -> 0 | E28: =SUMIF($H$4:$BQ$4,$E$2,H28:BQ28) -> 2 | F28: =SUMIF($H$4:$BQ$4,$F$2,H28:BQ28) -> 0 | G28: =D28+E28-F28 -> 2 | H28: =SUMIFS(入库流水账!$E:$E,入库流水账!$C:$C,$B28,入库流水账!$B:$B,H$3) -> 0 | I28: =SUMIFS(出库流水账!$E:$E,出库流水账!$C:$C,$B28,出库流水账!$B:$B,H$3) -> 0 | J28: =SUMIFS(入库流水账!$E:$E,入库流水账!$C:$C,$B28,入库流水账!$B:$B,J$3) -> 0 | K28: =SUMIFS(出库流水账!$E:$E,出库流水账!$C:$C,$B28,出库流水账!$B:$B,J$3) -> 0 | L28: =SUMIFS(入库流水账!$E:$E,入库流水账!$C:$C,$B28,入库流水账!$B:$B,L$3) -> 0 | M28: =SUMIFS(出库流水账!$E:$E,出库流水账!$C:$C,$B28,出库流水账!$B:$B,L$3) -> 0 | N28: =SUMIFS(入库流水账!$E:$E,入库流水账!$C:$C,$B28,入库流水账!$B:$B,N$3) -> 0 | O28: =SUMIFS(出库流水账!$E:$E,出库流水账!$C:$C,$B28,出库流水账!$B:$B,N$3) -> 0 | P28: =SUMIFS(入库流水账!$E:$E,入库流水账!$C:$C,$B28,入库流水账!$B:$B,P$3) -> 0 | Q28: =SUMIFS(出库流水账!$E:$E,出库流水账!$C:$C,$B28,出库流水账!$B:$B,P$3) -> 0 | R28: =SUMIFS(入库流水账!$E:$E,入库流水账!$C:$C,$B28,入库流水账!$B:$B,R$3) -> 0 | S28: =SUMIFS(出库流水账!$E:$E,出库流水账!$C:$C,$B28,出库流水账!$B:$B,R$3) -> 0 | T28: =SUMIFS(入库流水账!$E:$E,入库流水账!$C:$C,$B28,入库流水账!$B:$B,T$3) -> 0 | U28: =SUMIFS(出库流水账!$E:$E,出库流水账!$C:$C,$B28,出库流水账!$B:$B,T$3) -> 0 | V28: =SUMIFS(入库流水账!$E:$E,入库流水账!$C:$C,$B28,入库流水账!$B:$B,V$3) -> 0 | W28: =SUMIFS(出库流水账!$E:$E,出库流水账!$C:$C,$B28,出库流水账!$B:$B,V$3) -> 0 | X28: =SUMIFS(入库流水账!$E:$E,入库流水账!$C:$C,$B28,入库流水账!$B:$B,X$3) -> 0 | Y28: =SUMIFS(出库流水账!$E:$E,出库流水账!$C:$C,$B28,出库流水账!$B:$B,X$3) -> 0 | Z28: =SUMIFS(入库流水账!$E:$E,入库流水账!$C:$C,$B28,入库流水账!$B:$B,Z$3) -> 0 | AA28: =SUMIFS(出库流水账!$E:$E,出库流水账!$C:$C,$B28,出库流水账!$B:$B,Z$3) -> 0 | AB28: =SUMIFS(入库流水账!$E:$E,入库流水账!$C:$C,$B28,入库流水账!$B:$B,AB$3) -> 0 | AC28: =SUMIFS(出库流水账!$E:$E,出库流水账!$C:$C,$B28,出库流水账!$B:$B,AB$3) -> 0 | AD28: =SUMIFS(入库流水账!$E:$E,入库流水账!$C:$C,$B28,入库流水账!$B:$B,AD$3) -> 2 | AE28: =SUMIFS(出库流水账!$E:$E,出库流水账!$C:$C,$B28,出库流水账!$B:$B,AD$3) -> 0 | AF28: =SUMIFS(入库流水账!$E:$E,入库流水账!$C:$C,$B28,入库流水账!$B:$B,AF$3) -> 0 | AG28: =SUMIFS(出库流水账!$E:$E,出库流水账!$C:$C,$B28,出库流水账!$B:$B,AF$3) -> 0 | AH28: =SUMIFS(入库流水账!$E:$E,入库流水账!$C:$C,$B28,入库流水账!$B:$B,AH$3) -> 0 | AI28: =SUMIFS(出库流水账!$E:$E,出库流水账!$C:$C,$B28,出库流水账!$B:$B,AH$3) -> 0 | AJ28: =SUMIFS(入库流水账!$E:$E,入库流水账!$C:$C,$B28,入库流水账!$B:$B,AJ$3) -> 0 | AK28: =SUMIFS(出库流水账!$E:$E,出库流水账!$C:$C,$B28,出库流水账!$B:$B,AJ$3) -> 0 | AL28: =SUMIFS(入库流水账!$E:$E,入库流水账!$C:$C,$B28,入库流水账!$B:$B,AL$3) -> 0 | AM28: =SUMIFS(出库流水账!$E:$E,出库流水账!$C:$C,$B28,出库流水账!$B:$B,AL$3) -> 0 | AN28: =SUMIFS(入库流水账!$E:$E,入库流水账!$C:$C,$B28,入库流水账!$B:$B,AN$3) -> 0 | AO28: =SUMIFS(出库流水账!$E:$E,出库流水账!$C:$C,$B28,出库流水账!$B:$B,AN$3) -> 0 | AP28: =SUMIFS(入库流水账!$E:$E,入库流水账!$C:$C,$B28,入库流水账!$B:$B,AP$3) -> 0 | AQ28: =SUMIFS(出库流水账!$E:$E,出库流水账!$C:$C,$B28,出库流水账!$B:$B,AP$3) -> 0 | AR28: =SUMIFS(入库流水账!$E:$E,入库流水账!$C:$C,$B28,入库流水账!$B:$B,AR$3) -> 0 | AS28: =SUMIFS(出库流水账!$E:$E,出库流水账!$C:$C,$B28,出库流水账!$B:$B,AR$3) -> 0 | AT28: =SUMIFS(入库流水账!$E:$E,入库流水账!$C:$C,$B28,入库流水账!$B:$B,AT$3) -> 0 | AU28: =SUMIFS(出库流水账!$E:$E,出库流水账!$C:$C,$B28,出库流水账!$B:$B,AT$3) -> 0 | AV28: =SUMIFS(入库流水账!$E:$E,入库流水账!$C:$C,$B28,入库流水账!$B:$B,AV$3) -> 0 | AW28: =SUMIFS(出库流水账!$E:$E,出库流水账!$C:$C,$B28,出库流水账!$B:$B,AV$3) -> 0 | AX28: =SUMIFS(入库流水账!$E:$E,入库流水账!$C:$C,$B28,入库流水账!$B:$B,AX$3) -> 0 | AY28: =SUMIFS(出库流水账!$E:$E,出库流水账!$C:$C,$B28,出库流水账!$B:$B,AX$3) -> 0 | AZ28: =SUMIFS(入库流水账!$E:$E,入库流水账!$C:$C,$B28,入库流水账!$B:$B,AZ$3) -> 0 | BA28: =SUMIFS(出库流水账!$E:$E,出库流水账!$C:$C,$B28,出库流水账!$B:$B,AZ$3) -> 0 | BB28: =SUMIFS(入库流水账!$E:$E,入库流水账!$C:$C,$B28,入库流水账!$B:$B,BB$3) -> 0 | BC28: =SUMIFS(出库流水账!$E:$E,出库流水账!$C:$C,$B28,出库流水账!$B:$B,BB$3) -> 0 | BD28: =SUMIFS(入库流水账!$E:$E,入库流水账!$C:$C,$B28,入库流水账!$B:$B,BD$3) -> 0 | BE28: =SUMIFS(出库流水账!$E:$E,出库流水账!$C:$C,$B28,出库流水账!$B:$B,BD$3) -> 0 | BF28: =SUMIFS(入库流水账!$E:$E,入库流水账!$C:$C,$B28,入库流水账!$B:$B,BF$3) -> 0 | BG28: =SUMIFS(出库流水账!$E:$E,出库流水账!$C:$C,$B28,出库流水账!$B:$B,BF$3) -> 0 | BH28: =SUMIFS(入库流水账!$E:$E,入库流水账!$C:$C,$B28,入库流水账!$B:$B,BH$3) -> 0 | BI28: =SUMIFS(出库流水账!$E:$E,出库流水账!$C:$C,$B28,出库流水账!$B:$B,BH$3) -> 0 | BJ28: =SUMIFS(入库流水账!$E:$E,入库流水账!$C:$C,$B28,入库流水账!$B:$B,BJ$3) -> 0 | BK28: =SUMIFS(出库流水账!$E:$E,出库流水账!$C:$C,$B28,出库流水账!$B:$B,BJ$3) -> 0 | BL28: =SUMIFS(入库流水账!$E:$E,入库流水账!$C:$C,$B28,入库流水账!$B:$B,BL$3) -> 0 | BM28: =SUMIFS(出库流水账!$E:$E,出库流水账!$C:$C,$B28,出库流水账!$B:$B,BL$3) -> 0 | BN28: =SUMIFS(入库流水账!$E:$E,入库流水账!$C:$C,$B28,入库流水账!$B:$B,BN$3) -> 0 | BO28: =SUMIFS(出库流水账!$E:$E,出库流水账!$C:$C,$B28,出库流水账!$B:$B,BN$3) -> 0 | BP28: =SUMIFS(入库流水账!$E:$E,入库流水账!$C:$C,$B28,入库流水账!$B:$B,BP$3) -> 0 | BQ28: =SUMIFS(出库流水账!$E:$E,出库流水账!$C:$C,$B28,出库流水账!$B:$B,BP$3) -> 0
A29: =ROW()-4 -> 25 | B29: 中盐低钠湖盐 | C29: =IFERROR(VLOOKUP(B29,产品数据!$B:$D,3,FALSE),"") -> 包 | D29: 50 | E29: =SUMIF($H$4:$BQ$4,$E$2,H29:BQ29) -> 100 | F29: =SUMIF($H$4:$BQ$4,$F$2,H29:BQ29) -> 119 | G29: =D29+E29-F29 -> 31 | H29: =SUMIFS(入库流水账!$E:$E,入库流水账!$C:$C,$B29,入库流水账!$B:$B,H$3) -> 0 | I29: =SUMIFS(出库流水账!$E:$E,出库流水账!$C:$C,$B29,出库流水账!$B:$B,H$3) -> 0 | J29: =SUMIFS(入库流水账!$E:$E,入库流水账!$C:$C,$B29,入库流水账!$B:$B,J$3) -> 0 | K29: =SUMIFS(出库流水账!$E:$E,出库流水账!$C:$C,$B29,出库流水账!$B:$B,J$3) -> 0 | L29: =SUMIFS(入库流水账!$E:$E,入库流水账!$C:$C,$B29,入库流水账!$B:$B,L$3) -> 0 | M29: =SUMIFS(出库流水账!$E:$E,出库流水账!$C:$C,$B29,出库流水账!$B:$B,L$3) -> 0 | N29: =SUMIFS(入库流水账!$E:$E,入库流水账!$C:$C,$B29,入库流水账!$B:$B,N$3) -> 0 | O29: =SUMIFS(出库流水账!$E:$E,出库流水账!$C:$C,$B29,出库流水账!$B:$B,N$3) -> 8 | P29: =SUMIFS(入库流水账!$E:$E,入库流水账!$C:$C,$B29,入库流水账!$B:$B,P$3) -> 0 | Q29: =SUMIFS(出库流水账!$E:$E,出库流水账!$C:$C,$B29,出库流水账!$B:$B,P$3) -> 0 | R29: =SUMIFS(入库流水账!$E:$E,入库流水账!$C:$C,$B29,入库流水账!$B:$B,R$3) -> 0 | S29: =SUMIFS(出库流水账!$E:$E,出库流水账!$C:$C,$B29,出库流水账!$B:$B,R$3) -> 6 | T29: =SUMIFS(入库流水账!$E:$E,入库流水账!$C:$C,$B29,入库流水账!$B:$B,T$3) -> 0 | U29: =SUMIFS(出库流水账!$E:$E,出库流水账!$C:$C,$B29,出库流水账!$B:$B,T$3) -> 5 | V29: =SUMIFS(入库流水账!$E:$E,入库流水账!$C:$C,$B29,入库流水账!$B:$B,V$3) -> 0 | W29: =SUMIFS(出库流水账!$E:$E,出库流水账!$C:$C,$B29,出库流水账!$B:$B,V$3) -> 0 | X29: =SUMIFS(入库流水账!$E:$E,入库流水账!$C:$C,$B29,入库流水账!$B:$B,X$3) -> 0 | Y29: =SUMIFS(出库流水账!$E:$E,出库流水账!$C:$C,$B29,出库流水账!$B:$B,X$3) -> 15 | Z29: =SUMIFS(入库流水账!$E:$E,入库流水账!$C:$C,$B29,入库流水账!$B:$B,Z$3) -> 0 | AA29: =SUMIFS(出库流水账!$E:$E,出库流水账!$C:$C,$B29,出库流水账!$B:$B,Z$3) -> 0 | AB29: =SUMIFS(入库流水账!$E:$E,入库流水账!$C:$C,$B29,入库流水账!$B:$B,AB$3) -> 0 | AC29: =SUMIFS(出库流水账!$E:$E,出库流水账!$C:$C,$B29,出库流水账!$B:$B,AB$3) -> 0 | AD29: =SUMIFS(入库流水账!$E:$E,入库流水账!$C:$C,$B29,入库流水账!$B:$B,AD$3) -> 70 | AE29: =SUMIFS(出库流水账!$E:$E,出库流水账!$C:$C,$B29,出库流水账!$B:$B,AD$3) -> 12 | AF29: =SUMIFS(入库流水账!$E:$E,入库流水账!$C:$C,$B29,入库流水账!$B:$B,AF$3) -> 0 | AG29: =SUMIFS(出库流水账!$E:$E,出库流水账!$C:$C,$B29,出库流水账!$B:$B,AF$3) -> 0 | AH29: =SUMIFS(入库流水账!$E:$E,入库流水账!$C:$C,$B29,入库流水账!$B:$B,AH$3) -> 0 | AI29: =SUMIFS(出库流水账!$E:$E,出库流水账!$C:$C,$B29,出库流水账!$B:$B,AH$3) -> 10 | AJ29: =SUMIFS(入库流水账!$E:$E,入库流水账!$C:$C,$B29,入库流水账!$B:$B,AJ$3) -> 30 | AK29: =SUMIFS(出库流水账!$E:$E,出库流水账!$C:$C,$B29,出库流水账!$B:$B,AJ$3) -> 0 | AL29: =SUMIFS(入库流水账!$E:$E,入库流水账!$C:$C,$B29,入库流水账!$B:$B,AL$3) -> 0 | AM29: =SUMIFS(出库流水账!$E:$E,出库流水账!$C:$C,$B29,出库流水账!$B:$B,AL$3) -> 10 | AN29: =SUMIFS(入库流水账!$E:$E,入库流水账!$C:$C,$B29,入库流水账!$B:$B,AN$3) -> 0 | AO29: =SUMIFS(出库流水账!$E:$E,出库流水账!$C:$C,$B29,出库流水账!$B:$B,AN$3) -> 0 | AP29: =SUMIFS(入库流水账!$E:$E,入库流水账!$C:$C,$B29,入库流水账!$B:$B,AP$3) -> 0 | AQ29: =SUMIFS(出库流水账!$E:$E,出库流水账!$C:$C,$B29,出库流水账!$B:$B,AP$3) -> 0 | AR29: =SUMIFS(入库流水账!$E:$E,入库流水账!$C:$C,$B29,入库流水账!$B:$B,AR$3) -> 0 | AS29: =SUMIFS(出库流水账!$E:$E,出库流水账!$C:$C,$B29,出库流水账!$B:$B,AR$3) -> 5 | AT29: =SUMIFS(入库流水账!$E:$E,入库流水账!$C:$C,$B29,入库流水账!$B:$B,AT$3) -> 0 | AU29: =SUMIFS(出库流水账!$E:$E,出库流水账!$C:$C,$B29,出库流水账!$B:$B,AT$3) -> 0 | AV29: =SUMIFS(入库流水账!$E:$E,入库流水账!$C:$C,$B29,入库流水账!$B:$B,AV$3) -> 0 | AW29: =SUMIFS(出库流水账!$E:$E,出库流水账!$C:$C,$B29,出库流水账!$B:$B,AV$3) -> 0 | AX29: =SUMIFS(入库流水账!$E:$E,入库流水账!$C:$C,$B29,入库流水账!$B:$B,AX$3) -> 0 | AY29: =SUMIFS(出库流水账!$E:$E,出库流水账!$C:$C,$B29,出库流水账!$B:$B,AX$3) -> 10 | AZ29: =SUMIFS(入库流水账!$E:$E,入库流水账!$C:$C,$B29,入库流水账!$B:$B,AZ$3) -> 0 | BA29: =SUMIFS(出库流水账!$E:$E,出库流水账!$C:$C,$B29,出库流水账!$B:$B,AZ$3) -> 5 | BB29: =SUMIFS(入库流水账!$E:$E,入库流水账!$C:$C,$B29,入库流水账!$B:$B,BB$3) -> 0 | BC29: =SUMIFS(出库流水账!$E:$E,出库流水账!$C:$C,$B29,出库流水账!$B:$B,BB$3) -> 0 | BD29: =SUMIFS(入库流水账!$E:$E,入库流水账!$C:$C,$B29,入库流水账!$B:$B,BD$3) -> 0 | BE29: =SUMIFS(出库流水账!$E:$E,出库流水账!$C:$C,$B29,出库流水账!$B:$B,BD$3) -> 0 | BF29: =SUMIFS(入库流水账!$E:$E,入库流水账!$C:$C,$B29,入库流水账!$B:$B,BF$3) -> 0 | BG29: =SUMIFS(出库流水账!$E:$E,出库流水账!$C:$C,$B29,出库流水账!$B:$B,BF$3) -> 17 | BH29: =SUMIFS(入库流水账!$E:$E,入库流水账!$C:$C,$B29,入库流水账!$B:$B,BH$3) -> 0 | BI29: =SUMIFS(出库流水账!$E:$E,出库流水账!$C:$C,$B29,出库流水账!$B:$B,BH$3) -> 0 | BJ29: =SUMIFS(入库流水账!$E:$E,入库流水账!$C:$C,$B29,入库流水账!$B:$B,BJ$3) -> 0 | BK29: =SUMIFS(出库流水账!$E:$E,出库流水账!$C:$C,$B29,出库流水账!$B:$B,BJ$3) -> 6 | BL29: =SUMIFS(入库流水账!$E:$E,入库流水账!$C:$C,$B29,入库流水账!$B:$B,BL$3) -> 0 | BM29: =SUMIFS(出库流水账!$E:$E,出库流水账!$C:$C,$B29,出库流水账!$B:$B,BL$3) -> 0 | BN29: =SUMIFS(入库流水账!$E:$E,入库流水账!$C:$C,$B29,入库流水账!$B:$B,BN$3) -> 0 | BO29: =SUMIFS(出库流水账!$E:$E,出库流水账!$C:$C,$B29,出库流水账!$B:$B,BN$3) -> 10 | BP29: =SUMIFS(入库流水账!$E:$E,入库流水账!$C:$C,$B29,入库流水账!$B:$B,BP$3) -> 0 | BQ29: =SUMIFS(出库流水账!$E:$E,出库流水账!$C:$C,$B29,出库流水账!$B:$B,BP$3) -> 0

Sheet 产品数据
A1: 序号 | B1: 材料名称 | C1: 规格 | D1: 单位 | E1: 月份 | F1: 保质期（日）
A2: =ROW()-1 -> 1 | B2: 秋然香米10千克/袋 | C2: 10千克/袋 | D2: 袋 | E2: 12 | F2: =E2*30 -> 360
A3: =ROW()-1 -> 2 | B3: 兆丰雪花粉 | C3: 10kg/包 | D3: 包 | E3: 12 | F3: =E3*30 -> 360
A4: =ROW()-1 -> 3 | B4: 鲁花压榨特香玉米胚芽油5升/桶*4/箱 | C4: 5l/*4桶/箱 | D4: 桶 | E4: 18 | F4: =E4*30 -> 540
A5: =ROW()-1 -> 4 | B5: 厨邦美味鲜酱油 | C5: 1.68L*6壶 | D5: 壶 | E5: 18 | F5: =E5*30 -> 540
A6: =ROW()-1 -> 5 | B6: 海天老抽酱油 | C6: 1.9升/瓶*6瓶/箱 | D6: 瓶 | E6: 18 | F6: =E6*30 -> 540
A7: =ROW()-1 -> 6 | B7: 海天鲜味生抽 | C7: 1.9升/瓶*6瓶/箱 | D7: 瓶 | E7: 18 | F7: =E7*30 -> 540
A8: =ROW()-1 -> 7 | B8: 李锦记蒸鱼豉油 | C8: 1.9kg/瓶 | D8: 瓶 | E8: 18 | F8: =E8*30 -> 540
A9: =ROW()-1 -> 8 | B9: 李锦记番茄沙司 | C9: 340g/瓶 | D9: 瓶 | E9: 18 | F9: =E9*30 -> 540
A10: =ROW()-1 -> 9 | B10: 恒顺陈醋 | C10: 500克/瓶*24瓶/箱 | D10: 瓶 | E10: 36 | F10: =E10*30 -> 1080
A11: =ROW()-1 -> 10 | B11: 恒顺白醋 | C11: 500克/瓶*24瓶/箱 | D11: 瓶 | E11: 36 | F11: =E11*30 -> 1080
A12: =ROW()-1 -> 11 | B12: 海之佳紫菜 | C12: 180g/包 | D12: 包 | E12: 12 | F12: =E12*30 -> 360
A13: =ROW()-1 -> 12 | B13: 滇玉小米辣 | C13: 2kg/包*6包/箱 | D13: 包 | E13: 12 | F13: =E13*30 -> 360
... A38: =ROW()-1 -> 37 | B38: 广合微辣腐乳 | C38: 300g/瓶*36瓶/箱 | D38: 瓶 | E38: 36 | F38: =E38*30 -> 1080
A39: =ROW()-1 -> 38 | F39: =E39*30 -> 0
A40: =ROW()-1 -> 39 | F40: =E40*30 -> 0
A41: =ROW()-1 -> 40 | F41: =E41*30 -> 0
A42: =ROW()-1 -> 41 | F42: =E42*30 -> 0
A43: =ROW()-1 -> 42 | F43: =E43*30 -> 0
A44: =ROW()-1 -> 43 | F44: =E44*30 -> 0
A45: =ROW()-1 -> 44 | F45: =E45*30 -> 0
A46: =ROW()-1 -> 45 | F46: =E46*30 -> 0
A47: 46 | F47: =E47*30 -> 0
A48: 47 | F48: =E48*30 -> 0
A49: 48 | F49: =E49*30 -> 0
A50: 49 | F50: =E50*30 -> 0
A51: 50 | F51: =E51*30 -> 0
A52: 51 | F52: =E52*30 -> 0
F53: =E53*30 -> 0
F54: =E54*30 -> 0
F55: =E55*30 -> 0
F56: =E56*30 -> 0
F57: =E57*30 -> 0
F58: =E58*30 -> 0
F59: =E59*30 -> 0
F60: =E60*30 -> 0
F61: =E61*30 -> 0
F62: =E62*30 -> 0
F63: =E63*30 -> 0
F64: =E64*30 -> 0
... F211: =E211*30 -> 0

Sheet 入库流水账
A1: 序号 | B1: 入库时间 | C1: 材料名称 | D1: 规格 | E1: 数量 | F1: 单位 | G1: 备注 | H1: 生产日期 | I1: 到期日（推算）
A2: =ROW()-1 -> 1 | B2: 46026 | C2: 湖羊黄豆酱油 | D2: =IFERROR(VLOOKUP(C2,产品数据!$B:$D,2,FALSE),"") -> 1升*12瓶/箱 | E2: 12 | F2: =IFERROR(VLOOKUP(C2,产品数据!$B:$D,3,FALSE),"") -> 瓶 | H2: 45975 | I2: =IF(C2=0,"",IF(H2=0,"未记录生产日期",IFERROR(H2+IFERROR(VLOOKUP(C2,产品数据!$B:$F,5,FALSE),"未录入生产日期"),"未写入保质期"))) -> 46515
A3: =ROW()-1 -> 2 | B3: 46029 | C3: 鲁花压榨特香玉米胚芽油5升/桶*4/箱 | D3: =IFERROR(VLOOKUP(C3,产品数据!$B:$D,2,FALSE),"") -> 5l/*4桶/箱 | E3: 20 | F3: =IFERROR(VLOOKUP(C3,产品数据!$B:$D,3,FALSE),"") -> 桶 | H3: 45970 | I3: =IF(C3=0,"",IF(H3=0,"未记录生产日期",IFERROR(H3+IFERROR(VLOOKUP(C3,产品数据!$B:$F,5,FALSE),"未录入生产日期"),"未写入保质期"))) -> 46510
A4: =ROW()-1 -> 3 | B4: 46029 | C4: 家乐浓缩鸡汁 | D4: =IFERROR(VLOOKUP(C4,产品数据!$B:$D,2,FALSE),"") -> 1kg*6瓶/箱 | E4: 12 | F4: =IFERROR(VLOOKUP(C4,产品数据!$B:$D,3,FALSE),"") -> 瓶 | H4: 45891 | I4: =IF(C4=0,"",IF(H4=0,"未记录生产日期",IFERROR(H4+IFERROR(VLOOKUP(C4,产品数据!$B:$F,5,FALSE),"未录入生产日期"),"未写入保质期"))) -> 46341
A5: =ROW()-1 -> 4 | B5: 46029 | C5: 厨邦美味鲜酱油 | D5: =IFERROR(VLOOKUP(C5,产品数据!$B:$D,2,FALSE),"") -> 1.68L*6壶 | E5: 18 | F5: =IFERROR(VLOOKUP(C5,产品数据!$B:$D,3,FALSE),"") -> 壶 | H5: 45974 | I5: =IF(C5=0,"",IF(H5=0,"未记录生产日期",IFERROR(H5+IFERROR(VLOOKUP(C5,产品数据!$B:$F,5,FALSE),"未录入生产日期"),"未写入保质期"))) -> 46514
A6: =ROW()-1 -> 5 | B6: 46029 | C6: 海天老抽酱油 | D6: =IFERROR(VLOOKUP(C6,产品数据!$B:$D,2,FALSE),"") -> 1.9升/瓶*6瓶/箱 | E6: 6 | F6: =IFERROR(VLOOKUP(C6,产品数据!$B:$D,3,FALSE),"") -> 瓶 | H6: 45823 | I6: =IF(C6=0,"",IF(H6=0,"未记录生产日期",IFERROR(H6+IFERROR(VLOOKUP(C6,产品数据!$B:$F,5,FALSE),"未录入生产日期"),"未写入保质期"))) -> 46363
A7: =ROW()-1 -> 6 | B7: 46029 | C7: 恒顺白醋 | D7: =IFERROR(VLOOKUP(C7,产品数据!$B:$D,2,FALSE),"") -> 500克/瓶*24瓶/箱 | E7: 12 | F7: =IFERROR(VLOOKUP(C7,产品数据!$B:$D,3,FALSE),"") -> 瓶 | H7: 45870 | I7: =IF(C7=0,"",IF(H7=0,"未记录生产日期",IFERROR(H7+IFERROR(VLOOKUP(C7,产品数据!$B:$F,5,FALSE),"未录入生产日期"),"未写入保质期"))) -> 46950
A8: =ROW()-1 -> 7 | B8: 46029 | C8: 李锦记蒸鱼豉油 | D8: =IFERROR(VLOOKUP(C8,产品数据!$B:$D,2,FALSE),"") -> 1.9kg/瓶 | E8: 6 | F8: =IFERROR(VLOOKUP(C8,产品数据!$B:$D,3,FALSE),"") -> 瓶 | H8: 45874 | I8: =IF(C8=0,"",IF(H8=0,"未记录生产日期",IFERROR(H8+IFERROR(VLOOKUP(C8,产品数据!$B:$F,5,FALSE),"未录入生产日期"),"未写入保质期"))) -> 46414
A9: =ROW()-1 -> 8 | B9: 46030 | C9: 兆丰雪花粉 | D9: =IFERROR(VLOOKUP(C9,产品数据!$B:$D,2,FALSE),"") -> 10kg/包 | E9: 12 | F9: =IFERROR(VLOOKUP(C9,产品数据!$B:$D,3,FALSE),"") -> 包 | H9: 45997 | I9: =IF(C9=0,"",IF(H9=0,"未记录生产日期",IFERROR(H9+IFERROR(VLOOKUP(C9,产品数据!$B:$F,5,FALSE),"未录入生产日期"),"未写入保质期"))) -> 46357
A10: =ROW()-1 -> 9 | B10: 46034 | C10: 秋然香米10千克/袋 | D10: =IFERROR(VLOOKUP(C10,产品数据!$B:$D,2,FALSE),"") -> 10千克/袋 | E10: 20 | F10: =IFERROR(VLOOKUP(C10,产品数据!$B:$D,3,FALSE),"") -> 袋 | H10: 45992 | I10: =IF(C10=0,"",IF(H10=0,"未记录生产日期",IFERROR(H10+IFERROR(VLOOKUP(C10,产品数据!$B:$F,5,FALSE),"未录入生产日期"),"未写入保质期"))) -> 46352
A11: =ROW()-1 -> 10 | B11: 46034 | C11: 李锦记锦珍鲜味蚝油 | D11: =IFERROR(VLOOKUP(C11,产品数据!$B:$D,2,FALSE),"") -> 705ml/瓶 | E11: 12 | F11: =IFERROR(VLOOKUP(C11,产品数据!$B:$D,3,FALSE),"") -> 瓶 | H11: 45891 | I11: =IF(C11=0,"",IF(H11=0,"未记录生产日期",IFERROR(H11+IFERROR(VLOOKUP(C11,产品数据!$B:$F,5,FALSE),"未录入生产日期"),"未写入保质期"))) -> 46611
A12: =ROW()-1 -> 11 | B12: 46034 | C12: 大桶料酒 | D12: =IFERROR(VLOOKUP(C12,产品数据!$B:$D,2,FALSE),"") -> 2.5L*6桶/箱 | E12: 6 | F12: =IFERROR(VLOOKUP(C12,产品数据!$B:$D,3,FALSE),"") -> 桶 | H12: 46009 | I12: =IF(C12=0,"",IF(H12=0,"未记录生产日期",IFERROR(H12+IFERROR(VLOOKUP(C12,产品数据!$B:$F,5,FALSE),"未录入生产日期"),"未写入保质期"))) -> 47089
A13: =ROW()-1 -> 12 | B13: 46034 | C13: 中盐低钠湖盐 | D13: =IFERROR(VLOOKUP(C13,产品数据!$B:$D,2,FALSE),"") -> 280g/包 | E13: 70 | F13: =IFERROR(VLOOKUP(C13,产品数据!$B:$D,3,FALSE),"") -> 包 | H13: 45915 | I13: =IF(C13=0,"",IF(H13=0,"未记录生产日期",IFERROR(H13+IFERROR(VLOOKUP(C13,产品数据!$B:$F,5,FALSE),"未录入生产日期"),"未写入保质期"))) -> 47715
... A56: =ROW()-1 -> 55 | B56: 46087 | C56: 秋然香米10千克/袋 | D56: =IFERROR(VLOOKUP(C56,产品数据!$B:$D,2,FALSE),"") -> 10千克/袋 | E56: 20 | F56: =IFERROR(VLOOKUP(C56,产品数据!$B:$D,3,FALSE),"") -> 袋 | H56: 45676 | I56: =IF(C56=0,"",IF(H56=0,"未记录生产日期",IFERROR(H56+IFERROR(VLOOKUP(C56,产品数据!$B:$F,5,FALSE),"未录入生产日期"),"未写入保质期"))) -> 46036
A57: =ROW()-1 -> 56 | B57: 46090 | C57: 中盐低钠湖盐 | D57: =IFERROR(VLOOKUP(C57,产品数据!$B:$D,2,FALSE),"") -> 280g/包 | E57: 270 | F57: =IFERROR(VLOOKUP(C57,产品数据!$B:$D,3,FALSE),"") -> 包 | H57: 46018 | I57: =IF(C57=0,"",IF(H57=0,"未记录生产日期",IFERROR(H57+IFERROR(VLOOKUP(C57,产品数据!$B:$F,5,FALSE),"未录入生产日期"),"未写入保质期"))) -> 47818 | J57: 46009
A58: =ROW()-1 -> 57 | B58: 46090 | C58: 兆丰雪花粉 | D58: =IFERROR(VLOOKUP(C58,产品数据!$B:$D,2,FALSE),"") -> 10kg/包 | E58: 6 | F58: =IFERROR(VLOOKUP(C58,产品数据!$B:$D,3,FALSE),"") -> 包 | H58: 45991 | I58: =IF(C58=0,"",IF(H58=0,"未记录生产日期",IFERROR(H58+IFERROR(VLOOKUP(C58,产品数据!$B:$F,5,FALSE),"未录入生产日期"),"未写入保质期"))) -> 46351
A59: =ROW()-1 -> 58 | B59: 46090 | C59: 博鸿小菜榨菜丝 | D59: =IFERROR(VLOOKUP(C59,产品数据!$B:$D,2,FALSE),"") -> 178g*50包/箱 | E59: 150 | F59: =IFERROR(VLOOKUP(C59,产品数据!$B:$D,3,FALSE),"") -> 包 | H59: 46030 | I59: =IF(C59=0,"",IF(H59=0,"未记录生产日期",IFERROR(H59+IFERROR(VLOOKUP(C59,产品数据!$B:$F,5,FALSE),"未录入生产日期"),"未写入保质期"))) -> 46390
A60: =ROW()-1 -> 59 | B60: 46090 | C60: 太太乐味精 | D60: =IFERROR(VLOOKUP(C60,产品数据!$B:$D,2,FALSE),"") -> 400g*25包/箱 | E60: 50 | F60: =IFERROR(VLOOKUP(C60,产品数据!$B:$D,3,FALSE),"") -> 包 | H60: 46034 | I60: =IF(C60=0,"",IF(H60=0,"未记录生产日期",IFERROR(H60+IFERROR(VLOOKUP(C60,产品数据!$B:$F,5,FALSE),"未录入生产日期"),"未写入保质期"))) -> 46574
A61: =ROW()-1 -> 60 | B61: 46090 | C61: 海天鲜味生抽 | D61: =IFERROR(VLOOKUP(C61,产品数据!$B:$D,2,FALSE),"") -> 1.9升/瓶*6瓶/箱 | E61: 30 | F61: =IFERROR(VLOOKUP(C61,产品数据!$B:$D,3,FALSE),"") -> 瓶 | H61: 46002 | I61: =IF(C61=0,"",IF(H61=0,"未记录生产日期",IFERROR(H61+IFERROR(VLOOKUP(C61,产品数据!$B:$F,5,FALSE),"未录入生产日期"),"未写入保质期"))) -> 46542
A62: =ROW()-1 -> 61 | B62: 46090 | C62: 李锦记锦珍鲜味蚝油 | D62: =IFERROR(VLOOKUP(C62,产品数据!$B:$D,2,FALSE),"") -> 705ml/瓶 | E62: 37 | F62: =IFERROR(VLOOKUP(C62,产品数据!$B:$D,3,FALSE),"") -> 瓶 | H62: 45976 | I62: =IF(C62=0,"",IF(H62=0,"未记录生产日期",IFERROR(H62+IFERROR(VLOOKUP(C62,产品数据!$B:$F,5,FALSE),"未录入生产日期"),"未写入保质期"))) -> 46696
A63: =ROW()-1 -> 62 | B63: 46090 | C63: 李锦记锦珍鲜味蚝油 | D63: =IFERROR(VLOOKUP(C63,产品数据!$B:$D,2,FALSE),"") -> 705ml/瓶 | E63: 7 | F63: =IFERROR(VLOOKUP(C63,产品数据!$B:$D,3,FALSE),"") -> 瓶 | H63: 46035 | I63: =IF(C63=0,"",IF(H63=0,"未记录生产日期",IFERROR(H63+IFERROR(VLOOKUP(C63,产品数据!$B:$F,5,FALSE),"未录入生产日期"),"未写入保质期"))) -> 46755
A64: =ROW()-1 -> 63 | B64: 46090 | C64: 国产风车生粉 | D64: =IFERROR(VLOOKUP(C64,产品数据!$B:$D,2,FALSE),"") -> 2.5kg/包 | E64: 16 | F64: =IFERROR(VLOOKUP(C64,产品数据!$B:$D,3,FALSE),"") -> 包 | H64: 46028 | I64: =IF(C64=0,"",IF(H64=0,"未记录生产日期",IFERROR(H64+IFERROR(VLOOKUP(C64,产品数据!$B:$F,5,FALSE),"未录入生产日期"),"未写入保质期"))) -> 46748
A65: =ROW()-1 -> 64 | B65: 46092 | C65: 厨邦美味鲜酱油 | D65: =IFERROR(VLOOKUP(C65,产品数据!$B:$D,2,FALSE),"") -> 1.68L*6壶 | E65: 6 | F65: =IFERROR(VLOOKUP(C65,产品数据!$B:$D,3,FALSE),"") -> 壶 | H65: 46022 | I65: =IF(C65=0,"",IF(H65=0,"未记录生产日期",IFERROR(H65+IFERROR(VLOOKUP(C65,产品数据!$B:$F,5,FALSE),"未录入生产日期"),"未写入保质期"))) -> 46562
A66: =ROW()-1 -> 65 | B66: 46092 | C66: 海天老抽酱油 | D66: =IFERROR(VLOOKUP(C66,产品数据!$B:$D,2,FALSE),"") -> 1.9升/瓶*6瓶/箱 | E66: 6 | F66: =IFERROR(VLOOKUP(C66,产品数据!$B:$D,3,FALSE),"") -> 瓶 | H66: 45947 | I66: =IF(C66=0,"",IF(H66=0,"未记录生产日期",IFERROR(H66+IFERROR(VLOOKUP(C66,产品数据!$B:$F,5,FALSE),"未录入生产日期"),"未写入保质期"))) -> 46487
A67: =ROW()-1 -> 66 | B67: 46092 | C67: 李锦记蒸鱼豉油 | D67: =IFERROR(VLOOKUP(C67,产品数据!$B:$D,2,FALSE),"") -> 1.9kg/瓶 | E67: 6 | F67: =IFERROR(VLOOKUP(C67,产品数据!$B:$D,3,FALSE),"") -> 瓶 | H67: 45972 | I67: =IF(C67=0,"",IF(H67=0,"未记录生产日期",IFERROR(H67+IFERROR(VLOOKUP(C67,产品数据!$B:$F,5,FALSE),"未录入生产日期"),"未写入保质期"))) -> 46512
A68: =ROW()-1 -> 67 | B68: 46092 | C68: 大桶料酒 | D68: =IFERROR(VLOOKUP(C68,产品数据!$B:$D,2,FALSE),"") -> 2.5L*6桶/箱 | E68: 12 | F68: =IFERROR(VLOOKUP(C68,产品数据!$B:$D,3,FALSE),"") -> 桶 | H68: 46058 | I68: =IF(C68=0,"",IF(H68=0,"未记录生产日期",IFERROR(H68+IFERROR(VLOOKUP(C68,产品数据!$B:$F,5,FALSE),"未录入生产日期"),"未写入保质期"))) -> 47138
A69: =ROW()-1 -> 68 | B69: 46092 | C69: 家乐浓缩鸡汁 | D69: =IFERROR(VLOOKUP(C69,产品数据!$B:$D,2,FALSE),"") -> 1kg*6瓶/箱 | E69: 6 | F69: =IFERROR(VLOOKUP(C69,产品数据!$B:$D,3,FALSE),"") -> 瓶 | H69: 46035 | I69: =IF(C69=0,"",IF(H69=0,"未记录生产日期",IFERROR(H69+IFERROR(VLOOKUP(C69,产品数据!$B:$F,5,FALSE),"未录入生产日期"),"未写入保质期"))) -> 46485
... A145: =ROW()-1 -> 144 | B145: 46174 | C145: 广合微辣腐乳 | D145: =IFERROR(VLOOKUP(C145,产品数据!$B:$D,2,FALSE),"") -> 300g/瓶*36瓶/箱 | E145: 36 | F145: =IFERROR(VLOOKUP(C145,产品数据!$B:$D,3,FALSE),"") -> 瓶 | H145: 46091 | I145: =IF(C145=0,"",IF(H145=0,"未记录生产日期",IFERROR(H145+IFERROR(VLOOKUP(C145,产品数据!$B:$F,5,FALSE),"未录入生产日期"),"未写入保质期"))) -> 47171
A146: =ROW()-1 -> 145 | B146: 46174 | C146: 滇玉小米辣 | D146: =IFERROR(VLOOKUP(C146,产品数据!$B:$D,2,FALSE),"") -> 2kg/包*6包/箱 | E146: 6 | F146: =IFERROR(VLOOKUP(C146,产品数据!$B:$D,3,FALSE),"") -> 包 | I146: =IF(C146=0,"",IF(H146=0,"未记录生产日期",IFERROR(H146+IFERROR(VLOOKUP(C146,产品数据!$B:$F,5,FALSE),"未录入生产日期"),"未写入保质期"))) -> 未记录生产日期
A147: =ROW()-1 -> 146 | B147: 46176 | C147: 家乐浓缩鸡汁 | D147: =IFERROR(VLOOKUP(C147,产品数据!$B:$D,2,FALSE),"") -> 1kg*6瓶/箱 | E147: 30 | F147: =IFERROR(VLOOKUP(C147,产品数据!$B:$D,3,FALSE),"") -> 瓶 | H147: 46131 | I147: =IF(C147=0,"",IF(H147=0,"未记录生产日期",IFERROR(H147+IFERROR(VLOOKUP(C147,产品数据!$B:$F,5,FALSE),"未录入生产日期"),"未写入保质期"))) -> 46581
A148: =ROW()-1 -> 147 | D148: =IFERROR(VLOOKUP(C148,产品数据!$B:$D,2,FALSE),"") | F148: =IFERROR(VLOOKUP(C148,产品数据!$B:$D,3,FALSE),"") | I148: =IF(C148=0,"",IF(H148=0,"未记录生产日期",IFERROR(H148+IFERROR(VLOOKUP(C148,产品数据!$B:$F,5,FALSE),"未录入生产日期"),"未写入保质期")))
A149: =ROW()-1 -> 148 | D149: =IFERROR(VLOOKUP(C149,产品数据!$B:$D,2,FALSE),"") | F149: =IFERROR(VLOOKUP(C149,产品数据!$B:$D,3,FALSE),"") | I149: =IF(C149=0,"",IF(H149=0,"未记录生产日期",IFERROR(H149+IFERROR(VLOOKUP(C149,产品数据!$B:$F,5,FALSE),"未录入生产日期"),"未写入保质期")))
A150: =ROW()-1 -> 149 | D150: =IFERROR(VLOOKUP(C150,产品数据!$B:$D,2,FALSE),"") | F150: =IFERROR(VLOOKUP(C150,产品数据!$B:$D,3,FALSE),"") | I150: =IF(C150=0,"",IF(H150=0,"未记录生产日期",IFERROR(H150+IFERROR(VLOOKUP(C150,产品数据!$B:$F,5,FALSE),"未录入生产日期"),"未写入保质期")))
A151: =ROW()-1 -> 150 | D151: =IFERROR(VLOOKUP(C151,产品数据!$B:$D,2,FALSE),"") | F151: =IFERROR(VLOOKUP(C151,产品数据!$B:$D,3,FALSE),"") | I151: =IF(C151=0,"",IF(H151=0,"未记录生产日期",IFERROR(H151+IFERROR(VLOOKUP(C151,产品数据!$B:$F,5,FALSE),"未录入生产日期"),"未写入保质期")))
A152: =ROW()-1 -> 151 | D152: =IFERROR(VLOOKUP(C152,产品数据!$B:$D,2,FALSE),"") | F152: =IFERROR(VLOOKUP(C152,产品数据!$B:$D,3,FALSE),"") | I152: =IF(C152=0,"",IF(H152=0,"未记录生产日期",IFERROR(H152+IFERROR(VLOOKUP(C152,产品数据!$B:$F,5,FALSE),"未录入生产日期"),"未写入保质期")))
A153: =ROW()-1 -> 152 | D153: =IFERROR(VLOOKUP(C153,产品数据!$B:$D,2,FALSE),"") | F153: =IFERROR(VLOOKUP(C153,产品数据!$B:$D,3,FALSE),"") | I153: =IF(C153=0,"",IF(H153=0,"未记录生产日期",IFERROR(H153+IFERROR(VLOOKUP(C153,产品数据!$B:$F,5,FALSE),"未录入生产日期"),"未写入保质期")))
A154: =ROW()-1 -> 153 | D154: =IFERROR(VLOOKUP(C154,产品数据!$B:$D,2,FALSE),"") | F154: =IFERROR(VLOOKUP(C154,产品数据!$B:$D,3,FALSE),"") | I154: =IF(C154=0,"",IF(H154=0,"未记录生产日期",IFERROR(H154+IFERROR(VLOOKUP(C154,产品数据!$B:$F,5,FALSE),"未录入生产日期"),"未写入保质期")))
A155: =ROW()-1 -> 154 | D155: =IFERROR(VLOOKUP(C155,产品数据!$B:$D,2,FALSE),"") | F155: =IFERROR(VLOOKUP(C155,产品数据!$B:$D,3,FALSE),"") | I155: =IF(C155=0,"",IF(H155=0,"未记录生产日期",IFERROR(H155+IFERROR(VLOOKUP(C155,产品数据!$B:$F,5,FALSE),"未录入生产日期"),"未写入保质期")))
A156: =ROW()-1 -> 155 | D156: =IFERROR(VLOOKUP(C156,产品数据!$B:$D,2,FALSE),"") | F156: =IFERROR(VLOOKUP(C156,产品数据!$B:$D,3,FALSE),"") | I156: =IF(C156=0,"",IF(H156=0,"未记录生产日期",IFERROR(H156+IFERROR(VLOOKUP(C156,产品数据!$B:$F,5,FALSE),"未录入生产日期"),"未写入保质期")))
A157: =ROW()-1 -> 156 | D157: =IFERROR(VLOOKUP(C157,产品数据!$B:$D,2,FALSE),"") | F157: =IFERROR(VLOOKUP(C157,产品数据!$B:$D,3,FALSE),"") | I157: =IF(C157=0,"",IF(H157=0,"未记录生产日期",IFERROR(H157+IFERROR(VLOOKUP(C157,产品数据!$B:$F,5,FALSE),"未录入生产日期"),"未写入保质期")))
A158: =ROW()-1 -> 157 | D158: =IFERROR(VLOOKUP(C158,产品数据!$B:$D,2,FALSE),"") | F158: =IFERROR(VLOOKUP(C158,产品数据!$B:$D,3,FALSE),"") | I158: =IF(C158=0,"",IF(H158=0,"未记录生产日期",IFERROR(H158+IFERROR(VLOOKUP(C158,产品数据!$B:$F,5,FALSE),"未录入生产日期"),"未写入保质期")))
A159: =ROW()-1 -> 158 | D159: =IFERROR(VLOOKUP(C159,产品数据!$B:$D,2,FALSE),"") | F159: =IFERROR(VLOOKUP(C159,产品数据!$B:$D,3,FALSE),"") | I159: =IF(C159=0,"",IF(H159=0,"未记录生产日期",IFERROR(H159+IFERROR(VLOOKUP(C159,产品数据!$B:$F,5,FALSE),"未录入生产日期"),"未写入保质期")))
... A665: =ROW()-1 -> 664 | D665: =IFERROR(VLOOKUP(C665,产品数据!$B:$D,2,FALSE),"") | F665: =IFERROR(VLOOKUP(C665,产品数据!$B:$D,3,FALSE),"") | I665: =IF(C665=0,"",IF(H665=0,"未记录生产日期",IFERROR(H665+IFERROR(VLOOKUP(C665,产品数据!$B:$F,5,FALSE),"未录入生产日期"),"未写入保质期")))
A2363: =ROW()-1 -> 2362 | D2363: =IFERROR(VLOOKUP(C2363,[1]米油调味规格数据!$B:$E,3,FALSE),"") | F2363: =IFERROR(VLOOKUP(C2363,[1]米油调味规格数据!$B:$E,4,FALSE),"")
A2364: =ROW()-1 -> 2363 | D2364: =IFERROR(VLOOKUP(C2364,[1]米油调味规格数据!$B:$E,3,FALSE),"") | F2364: =IFERROR(VLOOKUP(C2364,[1]米油调味规格数据!$B:$E,4,FALSE),"")
A2365: =ROW()-1 -> 2364 | D2365: =IFERROR(VLOOKUP(C2365,[1]米油调味规格数据!$B:$E,3,FALSE),"") | F2365: =IFERROR(VLOOKUP(C2365,[1]米油调味规格数据!$B:$E,4,FALSE),"")
A2366: =ROW()-1 -> 2365 | D2366: =IFERROR(VLOOKUP(C2366,[1]米油调味规格数据!$B:$E,3,FALSE),"") | F2366: =IFERROR(VLOOKUP(C2366,[1]米油调味规格数据!$B:$E,4,FALSE),"")
A2367: =ROW()-1 -> 2366 | D2367: =IFERROR(VLOOKUP(C2367,[1]米油调味规格数据!$B:$E,3,FALSE),"") | F2367: =IFERROR(VLOOKUP(C2367,[1]米油调味规格数据!$B:$E,4,FALSE),"")
A2368: =ROW()-1 -> 2367 | D2368: =IFERROR(VLOOKUP(C2368,[1]米油调味规格数据!$B:$E,3,FALSE),"") | F2368: =IFERROR(VLOOKUP(C2368,[1]米油调味规格数据!$B:$E,4,FALSE),"")
A2369: =ROW()-1 -> 2368 | D2369: =IFERROR(VLOOKUP(C2369,[1]米油调味规格数据!$B:$E,3,FALSE),"") | F2369: =IFERROR(VLOOKUP(C2369,[1]米油调味规格数据!$B:$E,4,FALSE),"")
A2370: =ROW()-1 -> 2369 | D2370: =IFERROR(VLOOKUP(C2370,[1]米油调味规格数据!$B:$E,3,FALSE),"") | F2370: =IFERROR(VLOOKUP(C2370,[1]米油调味规格数据!$B:$E,4,FALSE),"")
A2371: =ROW()-1 -> 2370 | D2371: =IFERROR(VLOOKUP(C2371,[1]米油调味规格数据!$B:$E,3,FALSE),"") | F2371: =IFERROR(VLOOKUP(C2371,[1]米油调味规格数据!$B:$E,4,FALSE),"")
A2372: =ROW()-1 -> 2371 | D2372: =IFERROR(VLOOKUP(C2372,[1]米油调味规格数据!$B:$E,3,FALSE),"") | F2372: =IFERROR(VLOOKUP(C2372,[1]米油调味规格数据!$B:$E,4,FALSE),"")
A2373: =ROW()-1 -> 2372 | D2373: =IFERROR(VLOOKUP(C2373,[1]米油调味规格数据!$B:$E,3,FALSE),"") | F2373: =IFERROR(VLOOKUP(C2373,[1]米油调味规格数据!$B:$E,4,FALSE),"")
A2374: =ROW()-1 -> 2373 | D2374: =IFERROR(VLOOKUP(C2374,[1]米油调味规格数据!$B:$E,3,FALSE),"") | F2374: =IFERROR(VLOOKUP(C2374,[1]米油调味规格数据!$B:$E,4,FALSE),"")
... A2448: =ROW()-1 -> 2447 | D2448: =IFERROR(VLOOKUP(C2448,[1]米油调味规格数据!$B:$E,3,FALSE),"") | F2448: =IFERROR(VLOOKUP(C2448,[1]米油调味规格数据!$B:$E,4,FALSE),"")
D2690: 45809 | F2690: 45930

Sheet 出库流水账
A1: 序号 | B1: 出库时间 | C1: 名称 | D1: 规格 | E1: 数量 | F1: 单位 | G1: 领取人
A2: =ROW()-1 -> 1 | B2: 46026 | C2: 鲁花压榨特香玉米胚芽油5升/桶*4/箱 | D2: =IFERROR(VLOOKUP(C2,产品数据!$B:$D,2,FALSE),"") -> 5l/*4桶/箱 | E2: 4 | F2: =IFERROR(VLOOKUP(C2,产品数据!$B:$D,3,FALSE),"") -> 桶 | G2: 厨房
A3: =ROW()-1 -> 2 | B3: 46026 | C3: 厨邦美味鲜酱油 | D3: =IFERROR(VLOOKUP(C3,产品数据!$B:$D,2,FALSE),"") -> 1.68L*6壶 | E3: 2 | F3: =IFERROR(VLOOKUP(C3,产品数据!$B:$D,3,FALSE),"") -> 壶 | G3: 厨房
A4: =ROW()-1 -> 3 | B4: 46026 | C4: 太太乐味精 | D4: =IFERROR(VLOOKUP(C4,产品数据!$B:$D,2,FALSE),"") -> 400g*25包/箱 | E4: 2 | F4: =IFERROR(VLOOKUP(C4,产品数据!$B:$D,3,FALSE),"") -> 包 | G4: 厨房
A5: =ROW()-1 -> 4 | B5: 46026 | C5: 家乐浓缩鸡汁 | D5: =IFERROR(VLOOKUP(C5,产品数据!$B:$D,2,FALSE),"") -> 1kg*6瓶/箱 | E5: 1 | F5: =IFERROR(VLOOKUP(C5,产品数据!$B:$D,3,FALSE),"") -> 瓶 | G5: 厨房
A6: =ROW()-1 -> 5 | B6: 46026 | C6: 李锦记锦珍鲜味蚝油 | D6: =IFERROR(VLOOKUP(C6,产品数据!$B:$D,2,FALSE),"") -> 705ml/瓶 | E6: 1 | F6: =IFERROR(VLOOKUP(C6,产品数据!$B:$D,3,FALSE),"") -> 瓶 | G6: 厨房
A7: =ROW()-1 -> 6 | B7: 46026 | C7: 中盐低钠湖盐 | D7: =IFERROR(VLOOKUP(C7,产品数据!$B:$D,2,FALSE),"") -> 280g/包 | E7: 6 | F7: =IFERROR(VLOOKUP(C7,产品数据!$B:$D,3,FALSE),"") -> 包 | G7: 厨房
A8: =ROW()-1 -> 7 | B8: 46026 | C8: 博鸿小菜榨菜丝 | D8: =IFERROR(VLOOKUP(C8,产品数据!$B:$D,2,FALSE),"") -> 178g*50包/箱 | E8: 6 | F8: =IFERROR(VLOOKUP(C8,产品数据!$B:$D,3,FALSE),"") -> 包 | G8: 厨房
A9: =ROW()-1 -> 8 | B9: 46026 | C9: 鲁花压榨特香玉米胚芽油5升/桶*4/箱 | D9: =IFERROR(VLOOKUP(C9,产品数据!$B:$D,2,FALSE),"") -> 5l/*4桶/箱 | E9: 2 | F9: =IFERROR(VLOOKUP(C9,产品数据!$B:$D,3,FALSE),"") -> 桶 | G9: 小食堂
A10: =ROW()-1 -> 9 | B10: 46026 | C10: 太太乐味精 | D10: =IFERROR(VLOOKUP(C10,产品数据!$B:$D,2,FALSE),"") -> 400g*25包/箱 | E10: 2 | F10: =IFERROR(VLOOKUP(C10,产品数据!$B:$D,3,FALSE),"") -> 包 | G10: 小食堂
A11: =ROW()-1 -> 10 | B11: 46026 | C11: 中盐低钠湖盐 | D11: =IFERROR(VLOOKUP(C11,产品数据!$B:$D,2,FALSE),"") -> 280g/包 | E11: 2 | F11: =IFERROR(VLOOKUP(C11,产品数据!$B:$D,3,FALSE),"") -> 包 | G11: 小食堂
A12: =ROW()-1 -> 11 | B12: 46026 | C12: 博鸿小菜榨菜丝 | D12: =IFERROR(VLOOKUP(C12,产品数据!$B:$D,2,FALSE),"") -> 178g*50包/箱 | E12: 10 | F12: =IFERROR(VLOOKUP(C12,产品数据!$B:$D,3,FALSE),"") -> 包 | G12: 小食堂
A13: =ROW()-1 -> 12 | B13: 46026 | C13: 秋然香米10千克/袋 | D13: =IFERROR(VLOOKUP(C13,产品数据!$B:$D,2,FALSE),"") -> 10千克/袋 | E13: 2 | F13: =IFERROR(VLOOKUP(C13,产品数据!$B:$D,3,FALSE),"") -> 袋 | G13: 烧饭
... A599: =ROW()-1 -> 598 | B599: 46099 | C599: 鲁花压榨特香玉米胚芽油5升/桶*4/箱 | D599: =IFERROR(VLOOKUP(C599,产品数据!$B:$D,2,FALSE),"") -> 5l/*4桶/箱 | E599: 4 | F599: =IFERROR(VLOOKUP(C599,产品数据!$B:$D,3,FALSE),"") -> 桶 | G599: 厨房
B600: 46099 | C600: 大桶料酒 | D600: =IFERROR(VLOOKUP(C600,产品数据!$B:$D,2,FALSE),"") -> 2.5L*6桶/箱 | E600: 1 | F600: =IFERROR(VLOOKUP(C600,产品数据!$B:$D,3,FALSE),"") -> 桶 | G600: 厨房
B601: 46099 | C601: 海天鲜味生抽 | D601: =IFERROR(VLOOKUP(C601,产品数据!$B:$D,2,FALSE),"") -> 1.9升/瓶*6瓶/箱 | E601: 1 | F601: =IFERROR(VLOOKUP(C601,产品数据!$B:$D,3,FALSE),"") -> 瓶 | G601: 厨房
B602: 46099 | C602: 海天老抽酱油 | D602: =IFERROR(VLOOKUP(C602,产品数据!$B:$D,2,FALSE),"") -> 1.9升/瓶*6瓶/箱 | E602: 1 | F602: =IFERROR(VLOOKUP(C602,产品数据!$B:$D,3,FALSE),"") -> 瓶 | G602: 厨房
B603: 46099 | C603: 太太乐味精 | D603: =IFERROR(VLOOKUP(C603,产品数据!$B:$D,2,FALSE),"") -> 400g*25包/箱 | E603: 2 | F603: =IFERROR(VLOOKUP(C603,产品数据!$B:$D,3,FALSE),"") -> 包 | G603: 厨房
B604: 46099 | C604: 厨邦美味鲜酱油 | D604: =IFERROR(VLOOKUP(C604,产品数据!$B:$D,2,FALSE),"") -> 1.68L*6壶 | E604: 1 | F604: =IFERROR(VLOOKUP(C604,产品数据!$B:$D,3,FALSE),"") -> 壶 | G604: 厨房
B605: 46099 | C605: 兆丰雪花粉 | D605: =IFERROR(VLOOKUP(C605,产品数据!$B:$D,2,FALSE),"") -> 10kg/包 | E605: 2 | F605: =IFERROR(VLOOKUP(C605,产品数据!$B:$D,3,FALSE),"") -> 包 | G605: 面点房
B606: 46099 | C606: 秋然香米10千克/袋 | D606: =IFERROR(VLOOKUP(C606,产品数据!$B:$D,2,FALSE),"") -> 10千克/袋 | E606: 3 | F606: =IFERROR(VLOOKUP(C606,产品数据!$B:$D,3,FALSE),"") -> 袋 | G606: 烧饭
B607: 46100 | C607: 鲁花压榨特香玉米胚芽油5升/桶*4/箱 | D607: =IFERROR(VLOOKUP(C607,产品数据!$B:$D,2,FALSE),"") -> 5l/*4桶/箱 | E607: 4 | F607: =IFERROR(VLOOKUP(C607,产品数据!$B:$D,3,FALSE),"") -> 桶 | G607: 厨房
B608: 46100 | C608: 厨邦美味鲜酱油 | D608: =IFERROR(VLOOKUP(C608,产品数据!$B:$D,2,FALSE),"") -> 1.68L*6壶 | E608: 1 | F608: =IFERROR(VLOOKUP(C608,产品数据!$B:$D,3,FALSE),"") -> 壶 | G608: 厨房
B609: 46100 | C609: 家乐浓缩鸡汁 | D609: =IFERROR(VLOOKUP(C609,产品数据!$B:$D,2,FALSE),"") -> 1kg*6瓶/箱 | E609: 1 | F609: =IFERROR(VLOOKUP(C609,产品数据!$B:$D,3,FALSE),"") -> 瓶 | G609: 厨房
B610: 46100 | C610: 李锦记锦珍鲜味蚝油 | D610: =IFERROR(VLOOKUP(C610,产品数据!$B:$D,2,FALSE),"") -> 705ml/瓶 | E610: 1 | F610: =IFERROR(VLOOKUP(C610,产品数据!$B:$D,3,FALSE),"") -> 瓶 | G610: 厨房
B611: 46100 | C611: 太太乐味精 | D611: =IFERROR(VLOOKUP(C611,产品数据!$B:$D,2,FALSE),"") -> 400g*25包/箱 | E611: 2 | F611: =IFERROR(VLOOKUP(C611,产品数据!$B:$D,3,FALSE),"") -> 包 | G611: 厨房
... B1297: 46176 | C1297: 润如玉五常大米 | D1297: =IFERROR(VLOOKUP(C1297,产品数据!$B:$D,2,FALSE),"") -> 10千克/袋 | E1297: 2 | F1297: =IFERROR(VLOOKUP(C1297,产品数据!$B:$D,3,FALSE),"") -> 袋 | G1297: 烧饭
D1298: =IFERROR(VLOOKUP(C1298,产品数据!$B:$D,2,FALSE),"") | F1298: =IFERROR(VLOOKUP(C1298,产品数据!$B:$D,3,FALSE),"")
D1299: =IFERROR(VLOOKUP(C1299,产品数据!$B:$D,2,FALSE),"") | F1299: =IFERROR(VLOOKUP(C1299,产品数据!$B:$D,3,FALSE),"")
D1300: =IFERROR(VLOOKUP(C1300,产品数据!$B:$D,2,FALSE),"") | F1300: =IFERROR(VLOOKUP(C1300,产品数据!$B:$D,3,FALSE),"")
D1301: =IFERROR(VLOOKUP(C1301,产品数据!$B:$D,2,FALSE),"") | F1301: =IFERROR(VLOOKUP(C1301,产品数据!$B:$D,3,FALSE),"")
D1302: =IFERROR(VLOOKUP(C1302,产品数据!$B:$D,2,FALSE),"") | F1302: =IFERROR(VLOOKUP(C1302,产品数据!$B:$D,3,FALSE),"")
D1303: =IFERROR(VLOOKUP(C1303,产品数据!$B:$D,2,FALSE),"") | F1303: =IFERROR(VLOOKUP(C1303,产品数据!$B:$D,3,FALSE),"")
D1304: =IFERROR(VLOOKUP(C1304,产品数据!$B:$D,2,FALSE),"") | F1304: =IFERROR(VLOOKUP(C1304,产品数据!$B:$D,3,FALSE),"")
D1305: =IFERROR(VLOOKUP(C1305,产品数据!$B:$D,2,FALSE),"") | F1305: =IFERROR(VLOOKUP(C1305,产品数据!$B:$D,3,FALSE),"")
D1306: =IFERROR(VLOOKUP(C1306,产品数据!$B:$D,2,FALSE),"") | F1306: =IFERROR(VLOOKUP(C1306,产品数据!$B:$D,3,FALSE),"")
D1307: =IFERROR(VLOOKUP(C1307,产品数据!$B:$D,2,FALSE),"") | F1307: =IFERROR(VLOOKUP(C1307,产品数据!$B:$D,3,FALSE),"")
D1308: =IFERROR(VLOOKUP(C1308,产品数据!$B:$D,2,FALSE),"") | F1308: =IFERROR(VLOOKUP(C1308,产品数据!$B:$D,3,FALSE),"")
D1309: =IFERROR(VLOOKUP(C1309,产品数据!$B:$D,2,FALSE),"") | F1309: =IFERROR(VLOOKUP(C1309,产品数据!$B:$D,3,FALSE),"")
... D1834: =IFERROR(VLOOKUP(C1834,产品数据!$B:$D,2,FALSE),"") | F1834: =IFERROR(VLOOKUP(C1834,产品数据!$B:$D,3,FALSE),"")
F1835: =IFERROR(VLOOKUP(C1835,产品数据!$B:$D,3,FALSE),"")
F1836: =IFERROR(VLOOKUP(C1836,产品数据!$B:$D,3,FALSE),"")
F1837: =IFERROR(VLOOKUP(C1837,产品数据!$B:$D,3,FALSE),"")
F1838: =IFERROR(VLOOKUP(C1838,产品数据!$B:$D,3,FALSE),"")
F1839: =IFERROR(VLOOKUP(C1839,产品数据!$B:$D,3,FALSE),"")
